"prompt_id","function_id","priority","model","language_code","content","chat","author","prompt_semantic_id"
"1","office_MacrosoftWord_生成文章摘要","0","chatGPT","chn","为一篇关于[主题]的文章生成简短摘要。",,"whm","20230321_peorfvdkma"
"2","office_MacrosoftWord_生成文章摘要","0","chatGPT","chn","针对一篇关于[主题]的科学论文，编写一份详细摘要。",,"whm","20230321_msoqxqpiyq"
"3","office_MacrosoftWord_生成文章摘要","0","chatGPT","chn","为一篇涉及[主题]的复杂报告生成结构化摘要，包括主要论点和结论。",,"whm","20230321_dtkurqmtyv"
"4","office_MacrosoftWord_编写邮件或信件","0","chatGPT","chn","草拟一封关于[主题]的简短邮件。",,"whm","20230321_iplkmlktmb"
"5","office_MacrosoftWord_编写邮件或信件","0","chatGPT","chn","为向[收件人类型]推销[产品/服务]，撰写一封商务邮件。",,"whm","20230321_wzxbwbpuxo"
"6","office_MacrosoftWord_编写邮件或信件","0","chatGPT","chn","根据[情境]，为[收件人类型]撰写一封正式的信件。",,"whm","20230321_awtgaguywa"
"7","office_MacrosoftWord_编写邮件或信件","0","chatGPT","chn","草拟一封简短的生日祝福邮件。",,"whm","20230321_jhjuxqbnmd"
"8","office_MacrosoftWord_编写邮件或信件","0","chatGPT","chn","为向客户推销产品，撰写一封商务邮件。",,"whm","20230321_svupgdxkaj"
"9","office_MacrosoftWord_编写邮件或信件","0","chatGPT","chn","根据投诉情况，为客户服务部门撰写一封正式的道歉信。",,"whm","20230321_nheoscqxzt"
"10","office_MacrosoftWord_自动纠正语法错误","0","chatGPT","chn","请检查并修正以下[文本类型]中的语法错误：“[待纠正文本]。”",,"whm","20230321_uarykjfraw"
"11","office_MacrosoftWord_撰写报告","0","chatGPT","chn","撰写一份简短的[主题]报告，介绍[某方面]的主要竞争优势。",,"whm","20230321_mjimuxhnqo"
"12","office_MacrosoftWord_撰写报告","0","chatGPT","chn","根据提供的数据，编写一份涵盖[主题]的详细分析报告。",,"whm","20230321_yyjywgscyc"
"13","office_MacrosoftWord_撰写报告","0","chatGPT","chn","为[组织类型]撰写一份全面的[报告类型]，包括[内容要点]。",,"whm","20230321_tspfzaspsz"
"14","office_MacrosoftWord_撰写报告","0","chatGPT","chn","撰写一份简短的市场调查报告，介绍某品牌的主要竞争优势。",,"whm","20230321_ikfxwgsiqg"
"15","office_MacrosoftWord_撰写报告","0","chatGPT","chn","根据提供的数据，编写一份涵盖销售、市场份额和预测的详细行业分析报告。",,"whm","20230321_nnwyxzaaid"
"16","office_MacrosoftWord_撰写报告","0","chatGPT","chn","为一家公司撰写一份全面的年度财务报告，包括财务状况、盈利能力分析和未来发展建议。",,"whm","20230321_zaeepujalq"
"17","office_MacrosoftWord_草拟简历","0","chatGPT","chn","为一名[经历类型]的[职业]撰写一份简洁的简历。",,"whm","20230321_ehwsqhdalh"
"18","office_MacrosoftWord_草拟简历","0","chatGPT","chn","为一名拥有[工作经验年限]的[职业]撰写一份专业的简历。",,"whm","20230321_agrpjqxhif"
"19","office_MacrosoftWord_草拟简历","0","chatGPT","chn","为一名寻求[发展方向]的[职业]撰写一份全面且引人注目的简历。",,"whm","20230321_fqxzrvmhlh"
"20","office_MacrosoftWord_文档格式调整","0","chatGPT","chn","将以下[文本类型]调整为符合[引用格式]的引用样式：“[待调整文本]。”",,"whm","20230321_vomybuzvkb"
"21","office_MacrosoftWord_文档格式调整","0","chatGPT","chn","将一篇论文的参考文献部分调整为符合APA",,"whm","20230321_fflikmrlxe"
"22","office_MacrosoftWord_文档格式调整","0","chatGPT","chn","为一份商业计划书设计合适的目录和页面布局，同时确保满足公司品牌要求。",,"whm","20230321_wqiczdshpl"
"23","office_MacrosoftExcel_数据分析","0","chatGPT","chn","计算这组数据的平均值和标准差。",,"whm","20230321_xshmguhoas"
"24","office_MacrosoftExcel_数据分析","0","chatGPT","chn","对这组销售数据执行线性回归分析。",,"whm","20230321_qxqvpjrnhw"
"25","office_MacrosoftExcel_数据分析","0","chatGPT","chn","使用这些数据创建一个预测模型。",,"whm","20230321_dposiyaqan"
"26","office_MacrosoftExcel_数据分析","0","chatGPT","chn","分析这个数据集，找出关键指标之间的相关性。",,"whm","20230321_aiihqsgkeb"
"27","office_MacrosoftExcel_数据分析","0","chatGPT","chn","对这组客户数据进行聚类分析，以发现潜在市场细分。",,"whm","20230321_hxweyeuvgs"
"28","office_MacrosoftExcel_数据分析","0","chatGPT","chn","分析公司财务数据，找出收入增长的关键驱动因素。",,"whm","20230321_wnsyzhdwcy"
"29","office_MacrosoftExcel_数据分析","0","chatGPT","chn","根据这组产品销售数据，计算产品组合的夏普比率。",,"whm","20230321_ivnusmhiwk"
"30","office_MacrosoftExcel_数据分析","0","chatGPT","chn","使用蒙特卡洛模拟预测公司未来一年的现金流。",,"whm","20230321_quulpvzcln"
"31","office_MacrosoftExcel_数据可视化","0","chatGPT","chn","使用这些数据创建一个简单的柱状图。",,"whm","20230321_lrnxmncsch"
"32","office_MacrosoftExcel_数据可视化","0","chatGPT","chn","根据这组数据制作一个堆积柱状图，展示各产品类别的销售情况。",,"whm","20230321_ofstduipsv"
"33","office_MacrosoftExcel_数据可视化","0","chatGPT","chn","使用这些数据创建一个动态散点图，以展示随时间变化的趋势。",,"whm","20230321_oaohsgbifd"
"34","office_MacrosoftExcel_数据可视化","0","chatGPT","chn","制作一个双轴折线图，以比较销售额和成本之间的关系。",,"whm","20230321_kslwoubqly"
"35","office_MacrosoftExcel_数据可视化","0","chatGPT","chn","根据这组数据创建一个地理热力图，展示销售在各地区的分布。",,"whm","20230321_bakvwvzqdl"
"36","office_MacrosoftExcel_数据可视化","0","chatGPT","chn","使用这些数据绘制一个雷达图，以比较不同产品的性能指标。",,"whm","20230321_xrmjoydqoa"
"37","office_MacrosoftExcel_数据可视化","0","chatGPT","chn","根据这组数据创建一个甘特图，以展示项目进度。",,"whm","20230321_xsfjfjraaf"
"38","office_MacrosoftExcel_数据可视化","0","chatGPT","chn","使用这些数据制作一个箱线图，以分析不同部门的工资差距。",,"whm","20230321_nqaygvjuda"
"39","office_MacrosoftExcel_数据整理","0","chatGPT","chn","删除这个数据表中的重复行。",,"whm","20230321_hnvnfrjxyn"
"40","office_MacrosoftExcel_数据整理","0","chatGPT","chn","将这个数据表中的名字和姓氏拆分成两列。",,"whm","20230321_saaprolluc"
"41","office_MacrosoftExcel_数据整理","0","chatGPT","chn","在这个数据表中，将日期列转换为统一的格式。",,"whm","20230321_dnqdpttkus"
"42","office_MacrosoftExcel_数据整理","0","chatGPT","chn","使用透视表对这组销售数据进行汇总，按产品类别和区域进行分组。",,"whm","20230321_iulecbitwc"
"43","office_MacrosoftExcel_数据整理","0","chatGPT","chn","使用条件格式突出显示这个数据表中的异常值。",,"whm","20230321_ogrlqnwgby"
"44","office_MacrosoftExcel_数据整理","0","chatGPT","chn","使用数据验证创建一个下拉菜单，以限制某列中的输入选项。",,"whm","20230321_letaydaijc"
"45","office_MacrosoftExcel_数据整理","0","chatGPT","chn","使用公式在这个数据表中计算每个产品的利润率。",,"whm","20230321_usjltsdtuc"
"46","office_MacrosoftExcel_预算与财务分析","0","chatGPT","chn","创建一个简单的家庭预算表。",,"whm","20230321_dvigbplqam"
"47","office_MacrosoftExcel_预算与财务分析","0","chatGPT","chn","使用这些数据为一个小企业创建一份详细的年度预算。",,"whm","20230321_ytqvtwdwkc"
"48","office_MacrosoftExcel_预算与财务分析","0","chatGPT","chn","根据这些财务数据计算公司的主要财务比率。",,"whm","20230321_swzlnzxqcs"
"49","office_MacrosoftExcel_预算与财务分析","0","chatGPT","chn","使用这些数据为项目创建一个现金流量表。",,"whm","20230321_sqqdxttdzr"
"50","office_MacrosoftExcel_预算与财务分析","0","chatGPT","chn","分析这个投资组合，计算收益率和风险度量。",,"whm","20230321_utuffwjliy"
"51","office_MacrosoftExcel_预算与财务分析","0","chatGPT","chn","基于这些财务数据，评估公司的盈利能力、流动性和负债水平。",,"whm","20230321_lfgqwktpbo"
"52","office_MacrosoftExcel_预算与财务分析","0","chatGPT","chn","使用这些数据为一个项目创建一个灵敏度分析表。",,"whm","20230321_larwveaphg"
"53","office_MacrosoftExcel_预算与财务分析","0","chatGPT","chn","基于这些数据，评估一项潜在投资的净现值",,"whm","20230321_rgzaqvrfzp"
"54","office_MacrosoftExcel_生成报告","0","chatGPT","chn","为这组数据创建一个简单的文本报告。",,"whm","20230321_avgpjvpjyv"
"55","office_MacrosoftExcel_生成报告","0","chatGPT","chn","为这个数据集生成一个包含关键指标和趋势的分析报告。",,"whm","20230321_otlljndblz"
"56","office_MacrosoftExcel_生成报告","0","chatGPT","chn","分析这个数据集，并创建一个涵盖关键发现和建议的报告。",,"whm","20230321_wacquhofzu"
"57","office_MacrosoftExcel_生成报告","0","chatGPT","chn","使用这些数据为一个团队创建一个详细的绩效报告。",,"whm","20230321_wntdndsbct"
"58","office_MacrosoftExcel_生成报告","0","chatGPT","chn","根据这个数据表生成一个可视化仪表板报告，展示关键业务指标。",,"whm","20230321_efqoamvwdb"
"59","office_MacrosoftExcel_预测与模型","0","chatGPT","chn","基于这个时间序列数据创建一个简单的预测模型。",,"whm","20230321_btmpkrbcxp"
"60","office_MacrosoftExcel_预测与模型","0","chatGPT","chn","使用这组销售数据创建一个季节性趋势预测模型。",,"whm","20230321_prmtcgbjcd"
"61","office_MacrosoftExcel_预测与模型","0","chatGPT","chn","根据这些数据，创建一个基于多元线性回归的预测模型。",,"whm","20230321_gofgmxqiim"
"62","office_MacrosoftExcel_预测与模型","0","chatGPT","chn","使用这个数据集创建一个基于机器学习的分类模型。",,"whm","20230321_wywtnkavct"
"63","office_MacrosoftExcel_预测与模型","0","chatGPT","chn","分析这组数据，创建一个基于神经网络的预测模型。",,"whm","20230321_qzhrdchxsj"
"64","office_MacrosoftPowerPoint_设计幻灯片","0","chatGPT","chn","创建一个简单的关于[主题]的幻灯片。",,"whm","20230321_uecwndomlr"
"65","office_MacrosoftPowerPoint_设计幻灯片","0","chatGPT","chn","设计一个引人注目的[主题]演示文稿，包括5个幻灯片。",,"whm","20230321_rwxoorocje"
"66","office_MacrosoftPowerPoint_设计幻灯片","0","chatGPT","chn","为这个[类型]的会议创建一个包含10个幻灯片的专业演示文稿。",,"whm","20230321_vraolpypbp"
"67","office_MacrosoftPowerPoint_布局与排版","0","chatGPT","chn","提供一个简洁干净的幻灯片布局设计建议。",,"whm","20230321_kmnhqxpvbx"
"68","office_MacrosoftPowerPoint_布局与排版","0","chatGPT","chn","设计一个适用于[主题]的创意幻灯片布局。",,"whm","20230321_knqhbeqwaa"
"69","office_MacrosoftPowerPoint_布局与排版","0","chatGPT","chn","为这个[主题]的演示文稿优化文字排版和元素布局。",,"whm","20230321_alplfleanf"
"70","office_MacrosoftPowerPoint_图表与图形","0","chatGPT","chn","为这组数据创建一个简单的柱状图。",,"whm","20230321_ushthngtbd"
"71","office_MacrosoftPowerPoint_图表与图形","0","chatGPT","chn","使用这些数据创建一个动态的饼图来展示各部分的占比。",,"whm","20230321_fwoewehexm"
"72","office_MacrosoftPowerPoint_图表与图形","0","chatGPT","chn","根据这些数据绘制一个趋势线图，展示关键指标随时间的变化。",,"whm","20230321_znatrctqwi"
"73","office_MacrosoftPowerPoint_动画与过渡","0","chatGPT","chn","为这个幻灯片添加一个简单的切换效果。",,"whm","20230321_pmeumltnfl"
"74","office_MacrosoftPowerPoint_动画与过渡","0","chatGPT","chn","为这个演示文稿中的图表添加动画效果。",,"whm","20230321_kamnwisvis"
"75","office_MacrosoftPowerPoint_动画与过渡","0","chatGPT","chn","设计一套统一的过渡效果和动画，以提升这个演示文稿的观感。",,"whm","20230321_mgogfijcmt"
"76","office_MacrosoftPowerPoint_演讲稿与备注","0","chatGPT","chn","为这个关于[主题]的幻灯片编写一个简短的演讲稿。",,"whm","20230321_fwcgkmbbhd"
"77","office_MacrosoftPowerPoint_演讲稿与备注","0","chatGPT","chn","为这个[主题]的演示文稿编写详细的备注，以辅助演讲者。",,"whm","20230321_ciayvdiigg"
"78","office_MacrosoftPowerPoint_演讲稿与备注","0","chatGPT","chn","根据这个幻灯片内容，撰写一个吸引听众注意力的开场白。",,"whm","20230321_ssfmppgdnl"
"79","office_MacrosoftPowerPoint_邮件撰写","0","chatGPT","chn","草拟一个关于[主题]的简短电子邮件。",,"whm","20230321_piwzateode"
"80","office_MacrosoftPowerPoint_邮件撰写","0","chatGPT","chn","编写一个正式的邀请函，邀请客户参加一个活动。",,"whm","20230321_drzryqrqwz"
"81","office_MacrosoftPowerPoint_邮件撰写","0","chatGPT","chn","撰写一封感谢信，感谢合作伙伴在项目中的贡献。",,"whm","20230321_quszgujnla"
"82","office_MacrosoftPowerPoint_邮件回复","0","chatGPT","chn","回复这封询问[产品/服务]信息的电子邮件。",,"whm","20230321_ybmaofvccr"
"83","office_MacrosoftPowerPoint_邮件回复","0","chatGPT","chn","为这封关于[主题]的投诉信提供一个专业的回应。",,"whm","20230321_vcvudfvrdz"
"84","office_MacrosoftPowerPoint_邮件回复","0","chatGPT","chn","回复这封关于[主题]的建议信，表示感激并给出回应。",,"whm","20230321_pmaatokjka"
"85","office_MacrosoftPowerPoint_邮件管理","0","chatGPT","chn","提供一些建议，帮助我更有效地管理我的收件箱。",,"whm","20230321_vzxbhhgupx"
"86","office_MacrosoftPowerPoint_邮件管理","0","chatGPT","chn","创建一个邮件分类规则，以自动对收到的电子邮件进行归类。",,"whm","20230321_cstymhqsby"
"87","office_MacrosoftPowerPoint_邮件管理","0","chatGPT","chn","为我提供一些设置邮件",,"whm","20230321_nuguaiatyr"
"88","office_MacrosoftPowerPoint_日程管理","0","chatGPT","chn","创建一个简单的会议邀请，包括日期、时间和地点。",,"whm","20230321_dggqwrsncm"
"89","office_MacrosoftPowerPoint_日程管理","0","chatGPT","chn","为我安排一周的工作日程，包括会议、任务和项目截止日期。",,"whm","20230321_tygzhgimvm"
"90","office_MacrosoftPowerPoint_日程管理","0","chatGPT","chn","建立一个重复事件，以便每周安排一个固定的团队会议。",,"whm","20230321_qedoguhubf"
"91","office_MacrosoftPowerPoint_日程管理","0","chatGPT","chn","为即将到来的项目创建一个详细的日程计划。",,"whm","20230321_tutlphcmni"
"92","office_MacrosoftPowerPoint_日程管理","0","chatGPT","chn","分析我的日程安排，给出一些建议以提高工作效率。",,"whm","20230321_gvsilfwyxz"
"93","office_MacrosoftPowerPoint_任务管理","0","chatGPT","chn","创建一个简单的任务清单，包括优先级和截止日期。",,"whm","20230321_ocuvzjltnt"
"94","office_MacrosoftPowerPoint_任务管理","0","chatGPT","chn","帮我规划一个项目，包括各个阶段的任务和责任人。",,"whm","20230321_alvyzhuhlp"
"95","office_MacrosoftPowerPoint_任务管理","0","chatGPT","chn","为我提供一些建议，以更有效地管理我的待办事项。",,"whm","20230321_axojfetixw"
"96","office_MacrosoftPowerPoint_任务管理","0","chatGPT","chn","分析我的任务列表，找出可能导致延误的关键任务。",,"whm","20230321_ucnfmjfafo"
"97","office_MacrosoftPowerPoint_任务管理","0","chatGPT","chn","根据我的工作习惯和任务清单，建议一种合适的任务管理方法。",,"whm","20230321_pkezmuqufx"
"98","office_MacrosoftOneNote_笔记整理","0","chatGPT","chn","创建一个简洁的关于[主题]的笔记模板。",,"whm","20230321_xqjhxvarkm"
"99","office_MacrosoftOneNote_笔记整理","0","chatGPT","chn","为这些无序的笔记创建一个清晰的结构和布局。",,"whm","20230321_rqgyklyxrd"
"100","office_MacrosoftOneNote_笔记整理","0","chatGPT","chn","提供一些建议，帮助我更有效地整理我的笔记。",,"whm","20230321_uqlhswaqxy"
"101","office_MacrosoftOneNote_会议记录","0","chatGPT","chn","编写一个简单的会议纪要，包括关键点和决策。",,"whm","20230321_ckajcjapkf"
"102","office_MacrosoftOneNote_会议记录","0","chatGPT","chn","为这次会议创建一个详细的记录，包括参与者、讨论主题和行动事项。",,"whm","20230321_gizfqkxbqr"
"103","office_MacrosoftOneNote_会议记录","0","chatGPT","chn","提供一些建议，帮助我更有效地记录会议内容。",,"whm","20230321_guydosuzjn"
"104","office_MacrosoftOneNote_学习笔记","0","chatGPT","chn","创建一个关于[主题]的学习笔记模板。",,"whm","20230321_uyyyfmexpk"
"105","office_MacrosoftOneNote_学习笔记","0","chatGPT","chn","根据这些教材和课程内容，为我整理一份学习笔记。",,"whm","20230321_jrwppfjfnh"
"106","office_MacrosoftOneNote_学习笔记","0","chatGPT","chn","分析这些笔记，为我提供一些建议以提高学习效果。",,"whm","20230321_dmuftvgdzb"
"107","office_MacrosoftOneNote_项目管理","0","chatGPT","chn","创建一个项目计划的概述，包括关键阶段和任务。",,"whm","20230321_femkblplpi"
"108","office_MacrosoftOneNote_项目管理","0","chatGPT","chn","为这个项目创建一个详细的时间表和里程碑清单。",,"whm","20230321_kbfdfdzsmk"
"109","office_MacrosoftOneNote_项目管理","0","chatGPT","chn","分析这个项目计划，提供一些建议以改进和优化。",,"whm","20230321_imcakfwejw"
"110","office_MacrosoftOneNote_知识库和资源整理","0","chatGPT","chn","为这些关于[主题]的资源创建一个有组织的知识库。",,"whm","20230321_fgihrbuqok"
"111","office_MacrosoftOneNote_知识库和资源整理","0","chatGPT","chn","为我提供一些建议，以便更好地整理和共享这些资源。",,"whm","20230321_mdpcqarjgx"
"112","office_MacrosoftOneNote_知识库和资源整理","0","chatGPT","chn","根据我已有的资源，提供一些建议以发现新的学习材料和信息。",,"whm","20230321_gatsqhsslj"
"113","科研帮助_none_总结文献","0","chatGPT","chn","总结以下文献的主要观点和结论：{文献标题}。",,"whm","20230321_sqmqwisbon"
"114","科研帮助_none_总结文献","0","chatGPT","chn","请概括{作者}在{文献标题}中的核心论点。",,"whm","20230321_lyzqbqwqxv"
"115","科研帮助_none_总结文献","0","chatGPT","chn","在{文献标题}中，{作者}提出了哪些关键方法和实验结果？",,"whm","20230321_ltfsskxztf"
"116","科研帮助_none_总结文献","0","chatGPT","chn","请提供{文献标题}的简要背景和研究目的。",,"whm","20230321_ennltdmcna"
"117","科研帮助_none_总结文献","0","chatGPT","chn","在{文献标题}中，作者提出了哪些限制和未来研究方向？",,"whm","20230321_lhvlqcsquw"
"118","科研帮助_none_总结文献","0","chatGPT","chn","如何将{文献标题}与{领域}中的其他研究联系起来？",,"whm","20230321_bbnlbtttzv"
"119","科研帮助_none_总结文献","0","chatGPT","chn","请描述{文献标题}中的研究设计和方法。",,"whm","20230321_wihulceorh"
"120","科研帮助_none_总结文献","0","chatGPT","chn","请概述{文献标题}中的主要贡献和启示。",,"whm","20230321_ogmchvxsjo"
"121","科研帮助_none_实验数据分析","0","chatGPT","chn","如何使用{统计方法}分析{数据集}？",,"whm","20230321_uweqirwhor"
"122","科研帮助_none_实验数据分析","0","chatGPT","chn","在{实验设计}的背景下，哪种数据分析方法最适合？",,"whm","20230321_ttnggmsdxx"
"123","科研帮助_none_实验数据分析","0","chatGPT","chn","请解释如何进行{数据分析方法}的步骤。",,"whm","20230321_onmdyhlzll"
"124","科研帮助_none_实验数据分析","0","chatGPT","chn","如何使用{可视化工具}来展示{数据集}的关键发现？",,"whm","20230321_nxdztbhkmz"
"125","科研帮助_none_实验数据分析","0","chatGPT","chn","在{实验结果}中，哪些结果具有统计显著性？",,"whm","20230321_pninbjeahb"
"126","科研帮助_none_实验数据分析","0","chatGPT","chn","请根据{实验结果}提出一些可能的解释和结论。",,"whm","20230321_myowhgemux"
"127","科研帮助_none_实验数据分析","0","chatGPT","chn","如何检验{实验假设}在{数据集}中的有效性？",,"whm","20230321_rayvysucqq"
"128","科研帮助_none_实验数据分析","0","chatGPT","chn","请解释如何使用{统计软件}来处理{实验数据}。",,"whm","20230321_rgviktangg"
"129","科研帮助_none_帮助论文润色","0","chatGPT","chn","请检查以下摘要并提出改进建议：{摘要}。",,"whm","20230321_erdegaudwo"
"130","科研帮助_none_帮助论文润色","0","chatGPT","chn","如何改进以下论文标题以增强吸引力：{论文标题}？",,"whm","20230321_iyuutcpeuf"
"131","科研帮助_none_帮助论文润色","0","chatGPT","chn","请提供以下段落的改写建议：{段落}。",,"whm","20230321_gilecmpgxg"
"132","科研帮助_none_帮助论文润色","0","chatGPT","chn","如何将以下观点更清晰地表达出来：{观点}？",,"whm","20230321_ahqliiwmgr"
"133","科研帮助_none_帮助论文润色","0","chatGPT","chn","请检查以下引用格式是否正确：{引用}。",,"whm","20230321_vfwazpcwpx"
"134","科研帮助_none_帮助论文润色","0","chatGPT","chn","在{论文节选}中，有哪些不清楚或令人困惑的地方？",,"whm","20230321_ezlymosdco"
"135","科研帮助_none_帮助论文润色","0","chatGPT","chn","如何改进以下结论以使其更有说服力：{结论}？",,"whm","20230321_pigguqwacp"
"136","科研帮助_none_帮助论文润色","0","chatGPT","chn","请针对以下论文提出一些建设性的润色建议：{论文节选}。",,"whm","20230321_lbeyccmybx"
"137","科研帮助_none_让ChatGPT扮演审稿人","0","chatGPT","chn","请对以下论文摘要进行审稿：{摘要}。",,"whm","20230321_uqqbnduche"
"138","科研帮助_none_让ChatGPT扮演审稿人","0","chatGPT","chn","在{论文节选}中，有哪些潜在的方法论或实验设计上的问题？",,"whm","20230321_kbmfxllpfj"
"139","科研帮助_none_让ChatGPT扮演审稿人","0","chatGPT","chn","针对{论文标题}，请提出一些建设性的反馈和改进建议。",,"whm","20230321_utvwkypmmu"
"140","科研帮助_none_让ChatGPT扮演审稿人","0","chatGPT","chn","在{论文节选}中，有哪些需要补充或进一步阐述的地方？",,"whm","20230321_tkikbtmoew"
"141","科研帮助_none_让ChatGPT扮演审稿人","0","chatGPT","chn","请评估{论文标题}的研究方法和实验设计的有效性。",,"whm","20230321_hjbdtrezqw"
"142","科研帮助_none_让ChatGPT扮演审稿人","0","chatGPT","chn","在{论文节选}中，作者的论证是否充分？有哪些不足之处？",,"whm","20230321_nszmlyubjn"
"143","科研帮助_none_让ChatGPT扮演审稿人","0","chatGPT","chn","请根据{论文标题}中的实验结果，评估其结论的合理性。",,"whm","20230321_rvioiwzujx"
"144","科研帮助_none_让ChatGPT扮演审稿人","0","chatGPT","chn","请评估{论文标题}的创新性和对{领域}的贡献。",,"whm","20230321_zmvdzsykga"
"145","科研帮助_none_帮助rebuttal","0","chatGPT","chn","审稿人对{论文标题}提出了以下批评：{批评}。如何回应？",,"whm","20230321_yhoiwzdhwb"
"146","科研帮助_none_帮助rebuttal","0","chatGPT","chn","针对审稿人对{实验方法}的质疑，请提供一个合理的解释。",,"whm","20230321_fvspvmsrft"
"147","科研帮助_none_帮助rebuttal","0","chatGPT","chn","审稿人认为{论文节选}中的论证不足，请提供进一步的证据或解释来回应。",,"whm","20230321_jeacxmebzj"
"148","科研帮助_none_帮助rebuttal","0","chatGPT","chn","针对审稿人对{数据分析}的担忧，请解释为何该方法仍然有效。",,"whm","20230321_rsguhyoajb"
"149","科研帮助_none_帮助rebuttal","0","chatGPT","chn","请回应审稿人关于{论文标题}创新性不足的评论。",,"whm","20230321_xfkxffofuy"
"150","科研帮助_none_帮助rebuttal","0","chatGPT","chn","审稿人认为{论文节选}中的结论过于牵强，请提供更有力的论证来支持你的观点。",,"whm","20230321_orsnjzrktj"
"151","科研帮助_none_帮助rebuttal","0","chatGPT","chn","针对审稿人提出的{建议}，请说明为何你认为这不是一个必要的改动。",,"whm","20230321_zkvoeammjr"
"152","科研帮助_none_帮助rebuttal","0","chatGPT","chn","请回应审稿人对{实验设计}的担忧，解释为何这样的设计是合理的。",,"whm","20230321_gshnpuwmcy"
"153","科研帮助_none_总结文献","0","chatGPT","chn","总结以下文献的主要观点和结论：{文献标题}。",,"whm","20230321_duaghpbqeu"
"154","科研帮助_none_总结文献","0","chatGPT","chn","请概括{作者}在{文献标题}中的核心论点。",,"whm","20230321_muthdmgjlr"
"155","科研帮助_none_总结文献","0","chatGPT","chn","在{文献标题}中，{作者}提出了哪些关键方法和实验结果？",,"whm","20230321_akimmdiood"
"156","科研帮助_none_总结文献","0","chatGPT","chn","请提供{文献标题}的简要背景和研究目的。",,"whm","20230321_topvnxiofm"
"157","科研帮助_none_总结文献","0","chatGPT","chn","在{文献标题}中，作者提出了哪些限制和未来研究方向？",,"whm","20230321_leupxvhwcf"
"158","科研帮助_none_总结文献","0","chatGPT","chn","如何将{文献标题}与{领域}中的其他研究联系起来？",,"whm","20230321_zsapvpnqrz"
"159","科研帮助_none_总结文献","0","chatGPT","chn","请描述{文献标题}中的研究设计和方法。",,"whm","20230321_diezoiacro"
"160","科研帮助_none_总结文献","0","chatGPT","chn","请概述{文献标题}中的主要贡献和启示。",,"whm","20230321_ysrhrrejjd"
"161","科研帮助_none_实验数据分析","0","chatGPT","chn","如何使用{统计方法}分析{数据集}？",,"whm","20230321_kjgpxbratx"
"162","科研帮助_none_实验数据分析","0","chatGPT","chn","在{实验设计}的背景下，哪种数据分析方法最适合？",,"whm","20230321_gswuqaapnb"
"163","科研帮助_none_实验数据分析","0","chatGPT","chn","请解释如何进行{数据分析方法}的步骤。",,"whm","20230321_gucqitvqtq"
"164","科研帮助_none_实验数据分析","0","chatGPT","chn","如何使用{可视化工具}来展示{数据集}的关键发现？",,"whm","20230321_lpwgvzcagd"
"165","科研帮助_none_实验数据分析","0","chatGPT","chn","在{实验结果}中，哪些结果具有统计显著性？",,"whm","20230321_frafiwlqvh"
"166","科研帮助_none_实验数据分析","0","chatGPT","chn","请根据{实验结果}提出一些可能的解释和结论。",,"whm","20230321_uxhjultlgk"
"167","科研帮助_none_实验数据分析","0","chatGPT","chn","如何检验{实验假设}在{数据集}中的有效性？",,"whm","20230321_cnsmmiweyx"
"168","科研帮助_none_实验数据分析","0","chatGPT","chn","请解释如何使用{统计软件}来处理{实验数据}。",,"whm","20230321_setynklczt"
"169","科研帮助_none_帮助论文润色","0","chatGPT","chn","请检查以下摘要并提出改进建议：{摘要}。",,"whm","20230321_vzwlworxfw"
"170","科研帮助_none_帮助论文润色","0","chatGPT","chn","如何改进以下论文标题以增强吸引力：{论文标题}？",,"whm","20230321_duvejfjuwf"
"171","科研帮助_none_帮助论文润色","0","chatGPT","chn","请提供以下段落的改写建议：{段落}。",,"whm","20230321_neailkgtat"
"172","科研帮助_none_帮助论文润色","0","chatGPT","chn","如何将以下观点更清晰地表达出来：{观点}？",,"whm","20230321_klnsfpgagl"
"173","科研帮助_none_帮助论文润色","0","chatGPT","chn","请检查以下引用格式是否正确：{引用}。",,"whm","20230321_kbxjnrvgdd"
"174","科研帮助_none_帮助论文润色","0","chatGPT","chn","在{论文节选}中，有哪些不清楚或令人困惑的地方？",,"whm","20230321_fffdzezhaq"
"175","科研帮助_none_帮助论文润色","0","chatGPT","chn","如何改进以下结论以使其更有说服力：{结论}？",,"whm","20230321_xhykphhgwn"
"176","科研帮助_none_帮助论文润色","0","chatGPT","chn","请针对以下论文提出一些建设性的润色建议：{论文节选}。",,"whm","20230321_ifsbsyghmn"
"177","科研帮助_none_让ChatGPT扮演审稿人","0","chatGPT","chn","请对以下论文摘要进行审稿：{摘要}。",,"whm","20230321_jytntdazqa"
"178","科研帮助_none_让ChatGPT扮演审稿人","0","chatGPT","chn","在{论文节选}中，有哪些潜在的方法论或实验设计上的问题？",,"whm","20230321_wefyvfuacp"
"179","科研帮助_none_让ChatGPT扮演审稿人","0","chatGPT","chn","针对{论文标题}，请提出一些建设性的反馈和改进建议。",,"whm","20230321_xaekwugemv"
"180","科研帮助_none_让ChatGPT扮演审稿人","0","chatGPT","chn","在{论文节选}中，有哪些需要补充或进一步阐述的地方？",,"whm","20230321_brkwpltayj"
"181","科研帮助_none_让ChatGPT扮演审稿人","0","chatGPT","chn","请评估{论文标题}的研究方法和实验设计的有效性。",,"whm","20230321_urdsfwfktv"
"182","科研帮助_none_让ChatGPT扮演审稿人","0","chatGPT","chn","在{论文节选}中，作者的论证是否充分？有哪些不足之处？",,"whm","20230321_msauscgrxp"
"183","科研帮助_none_让ChatGPT扮演审稿人","0","chatGPT","chn","请根据{论文标题}中的实验结果，评估其结论的合理性。",,"whm","20230321_usnnzwgbii"
"184","科研帮助_none_让ChatGPT扮演审稿人","0","chatGPT","chn","请评估{论文标题}的创新性和对{领域}的贡献。",,"whm","20230321_vesacyigiw"
"185","科研帮助_none_帮助rebuttal","0","chatGPT","chn","审稿人对{论文标题}提出了以下批评：{批评}。如何回应？",,"whm","20230321_vfytlugzkz"
"186","科研帮助_none_帮助rebuttal","0","chatGPT","chn","针对审稿人对{实验方法}的质疑，请提供一个合理的解释。",,"whm","20230321_fzftmnjpxd"
"187","科研帮助_none_帮助rebuttal","0","chatGPT","chn","审稿人认为{论文节选}中的论证不足，请提供进一步的证据或解释来回应。",,"whm","20230321_wggnqedtbs"
"188","科研帮助_none_帮助rebuttal","0","chatGPT","chn","针对审稿人对{数据分析}的担忧，请解释为何该方法仍然有效。",,"whm","20230321_vbxlvelnpm"
"189","科研帮助_none_帮助rebuttal","0","chatGPT","chn","请回应审稿人关于{论文标题}创新性不足的评论。",,"whm","20230321_uqvwbziozn"
"190","科研帮助_none_帮助rebuttal","0","chatGPT","chn","审稿人认为{论文节选}中的结论过于牵强，请提供更有力的论证来支持你的观点。",,"whm","20230321_psxndymxlc"
"191","科研帮助_none_帮助rebuttal","0","chatGPT","chn","针对审稿人提出的{建议}，请说明为何你认为这不是一个必要的改动。",,"whm","20230321_itfqjuforn"
"192","科研帮助_none_帮助rebuttal","0","chatGPT","chn","请回应审稿人对{实验设计}的担忧，解释为何这样的设计是合理的。",,"whm","20230321_ajotkxfgre"
"193","科研帮助_none_总结文献","0","chatGPT","chn","总结以下文献的主要观点和结论：{文献标题}。",,"whm","20230321_camjjnhqjv"
"194","科研帮助_none_总结文献","0","chatGPT","chn","请概括{作者}在{文献标题}中的核心论点。",,"whm","20230321_cqjbnrxkch"
"195","科研帮助_none_总结文献","0","chatGPT","chn","在{文献标题}中，{作者}提出了哪些关键方法和实验结果？",,"whm","20230321_dzrnrfjtrp"
"196","科研帮助_none_总结文献","0","chatGPT","chn","请提供{文献标题}的简要背景和研究目的。",,"whm","20230321_azplkllckq"
"197","科研帮助_none_总结文献","0","chatGPT","chn","在{文献标题}中，作者提出了哪些限制和未来研究方向？",,"whm","20230321_hcwfbwdcet"
"198","科研帮助_none_总结文献","0","chatGPT","chn","如何将{文献标题}与{领域}中的其他研究联系起来？",,"whm","20230321_hiabmgmtmy"
"199","科研帮助_none_总结文献","0","chatGPT","chn","请描述{文献标题}中的研究设计和方法。",,"whm","20230321_yhawwgrfhi"
"200","科研帮助_none_总结文献","0","chatGPT","chn","请概述{文献标题}中的主要贡献和启示。",,"whm","20230321_jfxqihqolf"
"201","科研帮助_none_实验数据分析","0","chatGPT","chn","如何使用{统计方法}分析{数据集}？",,"whm","20230321_bjtwtzmvif"
"202","科研帮助_none_实验数据分析","0","chatGPT","chn","在{实验设计}的背景下，哪种数据分析方法最适合？",,"whm","20230321_ehlgllrhya"
"203","科研帮助_none_实验数据分析","0","chatGPT","chn","请解释如何进行{数据分析方法}的步骤。",,"whm","20230321_ajkzgijbyo"
"204","科研帮助_none_实验数据分析","0","chatGPT","chn","如何使用{可视化工具}来展示{数据集}的关键发现？",,"whm","20230321_eukttqqocd"
"205","科研帮助_none_实验数据分析","0","chatGPT","chn","在{实验结果}中，哪些结果具有统计显著性？",,"whm","20230321_rwaohsclnj"
"206","科研帮助_none_实验数据分析","0","chatGPT","chn","请根据{实验结果}提出一些可能的解释和结论。",,"whm","20230321_lxqtykqhug"
"207","科研帮助_none_实验数据分析","0","chatGPT","chn","如何检验{实验假设}在{数据集}中的有效性？",,"whm","20230321_lywmrqrhvw"
"208","科研帮助_none_实验数据分析","0","chatGPT","chn","请解释如何使用{统计软件}来处理{实验数据}。",,"whm","20230321_opkdwyxxkl"
"209","科研帮助_none_帮助论文润色","0","chatGPT","chn","请检查以下摘要并提出改进建议：{摘要}。",,"whm","20230321_jaohizwpzb"
"210","科研帮助_none_帮助论文润色","0","chatGPT","chn","如何改进以下论文标题以增强吸引力：{论文标题}？",,"whm","20230321_skkrkaovpr"
"211","科研帮助_none_帮助论文润色","0","chatGPT","chn","请提供以下段落的改写建议：{段落}。",,"whm","20230321_lrmjwvvfwa"
"212","科研帮助_none_帮助论文润色","0","chatGPT","chn","如何将以下观点更清晰地表达出来：{观点}？",,"whm","20230321_mzfqpjullp"
"213","科研帮助_none_帮助论文润色","0","chatGPT","chn","请检查以下引用格式是否正确：{引用}。",,"whm","20230321_quoabrqaly"
"214","科研帮助_none_帮助论文润色","0","chatGPT","chn","在{论文节选}中，有哪些不清楚或令人困惑的地方？",,"whm","20230321_mvobrgrxce"
"215","科研帮助_none_帮助论文润色","0","chatGPT","chn","如何改进以下结论以使其更有说服力：{结论}？",,"whm","20230321_zuyxsaszbw"
"216","科研帮助_none_帮助论文润色","0","chatGPT","chn","请针对以下论文提出一些建设性的润色建议：{论文节选}。",,"whm","20230321_morizdhilk"
"217","科研帮助_none_让ChatGPT扮演审稿人","0","chatGPT","chn","请对以下论文摘要进行审稿：{摘要}。",,"whm","20230321_bdvxdupegr"
"218","科研帮助_none_让ChatGPT扮演审稿人","0","chatGPT","chn","在{论文节选}中，有哪些潜在的方法论或实验设计上的问题？",,"whm","20230321_fveaajnzag"
"219","科研帮助_none_让ChatGPT扮演审稿人","0","chatGPT","chn","针对{论文标题}，请提出一些建设性的反馈和改进建议。",,"whm","20230321_crrtyhhmrx"
"220","科研帮助_none_让ChatGPT扮演审稿人","0","chatGPT","chn","在{论文节选}中，有哪些需要补充或进一步阐述的地方？",,"whm","20230321_akidiqgihb"
"221","科研帮助_none_让ChatGPT扮演审稿人","0","chatGPT","chn","请评估{论文标题}的研究方法和实验设计的有效性。",,"whm","20230321_eyvgwhbszn"
"222","科研帮助_none_让ChatGPT扮演审稿人","0","chatGPT","chn","在{论文节选}中，作者的论证是否充分？有哪些不足之处？",,"whm","20230321_cwzdvekzij"
"223","科研帮助_none_让ChatGPT扮演审稿人","0","chatGPT","chn","请根据{论文标题}中的实验结果，评估其结论的合理性。",,"whm","20230321_byougtvqte"
"224","科研帮助_none_让ChatGPT扮演审稿人","0","chatGPT","chn","请评估{论文标题}的创新性和对{领域}的贡献。",,"whm","20230321_urtcplvvmm"
"225","科研帮助_none_帮助rebuttal","0","chatGPT","chn","审稿人对{论文标题}提出了以下批评：{批评}。如何回应？",,"whm","20230321_xelkxymloq"
"226","科研帮助_none_帮助rebuttal","0","chatGPT","chn","针对审稿人对{实验方法}的质疑，请提供一个合理的解释。",,"whm","20230321_dpiaioqozs"
"227","科研帮助_none_帮助rebuttal","0","chatGPT","chn","审稿人认为{论文节选}中的论证不足，请提供进一步的证据或解释来回应。",,"whm","20230321_ihdtlxoopz"
"228","科研帮助_none_帮助rebuttal","0","chatGPT","chn","针对审稿人对{数据分析}的担忧，请解释为何该方法仍然有效。",,"whm","20230321_amkqpybttg"
"229","科研帮助_none_帮助rebuttal","0","chatGPT","chn","请回应审稿人关于{论文标题}创新性不足的评论。",,"whm","20230321_pyfuxudflz"
"230","科研帮助_none_帮助rebuttal","0","chatGPT","chn","审稿人认为{论文节选}中的结论过于牵强，请提供更有力的论证来支持你的观点。",,"whm","20230321_kzeevxcxon"
"231","科研帮助_none_帮助rebuttal","0","chatGPT","chn","针对审稿人提出的{建议}，请说明为何你认为这不是一个必要的改动。",,"whm","20230321_jfbxgibydx"
"232","科研帮助_none_帮助rebuttal","0","chatGPT","chn","请回应审稿人对{实验设计}的担忧，解释为何这样的设计是合理的。",,"whm","20230321_dkzbfuraza"
"273","代码开发_none_问题诊断与解决","0","chatGPT","chn","在{language}中，如何解决{issue}问题？",,"whm","20230321_kxdowuwrau"
"274","代码开发_none_问题诊断与解决","0","chatGPT","chn","关于{language}的{issue}问题，有哪些可能的原因？",,"whm","20230321_idbalsqchb"
"275","代码开发_none_问题诊断与解决","0","chatGPT","chn","在{language}项目中遇到{issue}问题，如何定位和修复？",,"whm","20230321_gxfxozpcod"
"276","代码开发_none_问题诊断与解决","0","chatGPT","chn","哪些方法可以帮助我在{language}中解决{issue}问题？",,"whm","20230321_pmxnrcehad"
"277","代码开发_none_问题诊断与解决","0","chatGPT","chn","在{language}项目中，如何避免{issue}问题的发生？",,"whm","20230321_yjfgiakmts"
"278","代码开发_none_问题诊断与解决","0","chatGPT","chn","在{language}中，如何提高解决{issue}问题的效率？",,"whm","20230321_juqwphjtfp"
"279","代码开发_none_问题诊断与解决","0","chatGPT","chn","关于{language}的{issue}问题，有哪些最佳实践？",,"whm","20230321_hywuhvtaiz"
"280","代码开发_none_问题诊断与解决","0","chatGPT","chn","在{language}中解决{issue}问题时，需要注意哪些事项？",,"whm","20230321_geholprvjs"
"281","代码开发_none_代码生成","0","chatGPT","chn","如何使用{language}编写一个{functionality}功能？",,"whm","20230321_cslphbvtqw"
"282","代码开发_none_代码生成","0","chatGPT","chn","在{language}中实现{functionality}功能的代码示例？",,"whm","20230321_qaojhbrizm"
"283","代码开发_none_代码生成","0","chatGPT","chn","使用{language}编写一个{class_or_module}类/模块以实现{functionality}功能？",,"whm","20230321_imsvgifplu"
"284","代码开发_none_代码生成","0","chatGPT","chn","如何用{language}编写一个简单的{application_type}应用程序？",,"whm","20230321_ortorfwasa"
"285","代码开发_none_代码生成","0","chatGPT","chn","在{language}中，{functionality}功能的基本实现步骤是什么？",,"whm","20230321_sschonwtcz"
"286","代码开发_none_代码生成","0","chatGPT","chn","使用{language}实现{functionality}功能的最佳实践？",,"whm","20230321_qguiyuvqzp"
"287","代码开发_none_代码生成","0","chatGPT","chn","如何用{language}编写一个高效的{algorithm}算法？",,"whm","20230321_cwvnmkqiec"
"288","代码开发_none_代码生成","0","chatGPT","chn","在{language}中，如何实现一个简单的{data_structure}数据结构？",,"whm","20230321_mdxvcaadlr"
"289","代码开发_none_技术文档撰写","0","chatGPT","chn","如何编写关于{language}的{topic}主题的技术文档？",,"whm","20230321_rrullwnjwf"
"290","代码开发_none_技术文档撰写","0","chatGPT","chn","在{language}中，关于{topic}主题的最佳实践是什么？",,"whm","20230321_avrcfqbgmx"
"291","代码开发_none_技术文档撰写","0","chatGPT","chn","关于{language}的{topic}主题，有哪些关键概念需要解释？",,"whm","20230321_uwcetnozkx"
"292","代码开发_none_技术文档撰写","0","chatGPT","chn","如何撰写关于{language}项目中{topic}主题的用户指南？",,"whm","20230321_owimncsxnf"
"293","代码开发_none_技术文档撰写","0","chatGPT","chn","在{language}项目中，如何编写{topic}主题的开发者文档？",,"whm","20230321_mwhmcukyyc"
"294","代码开发_none_技术文档撰写","0","chatGPT","chn","如何撰写关于{language}的{topic}主题的API文档？",,"whm","20230321_zabezqyfva"
"295","代码开发_none_技术文档撰写","0","chatGPT","chn","如何编写一篇关于{language}中{topic}主题的教程？",,"whm","20230321_vgicbriabi"
"296","代码开发_none_技术文档撰写","0","chatGPT","chn","关于{language}的{topic}主题，有哪些资源可以参考？",,"whm","20230321_jweyxmezrx"
"297","代码开发_none_代码优化建议","0","chatGPT","chn","如何优化{language}代码以提高性能？",,"whm","20230321_fpuacfzgup"
"298","代码开发_none_代码优化建议","0","chatGPT","chn","在{language}项目中，如何找到性能瓶颈？",,"whm","20230321_obrihskydc"
"299","代码开发_none_代码优化建议","0","chatGPT","chn","如何使用{language}进行内存优化？",,"whm","20230321_pqxgfmzdty"
"300","代码开发_none_代码优化建议","0","chatGPT","chn","在{language}项目中，有哪些可以提高代码质量的最佳实践？",,"whm","20230321_qntqaewxdh"
"301","代码开发_none_代码优化建议","0","chatGPT","chn","关于{language}的{algorithm}算法，如何进行优化？",,"whm","20230321_ilfbiobxjs"
"302","代码开发_none_代码优化建议","0","chatGPT","chn","在{language}中，如何优化数据库查询性能？",,"whm","20230321_iwleirvdms"
"303","代码开发_none_代码优化建议","0","chatGPT","chn","如何减小{language}项目的响应时间？",,"whm","20230321_icmawmcqbr"
"304","代码开发_none_代码优化建议","0","chatGPT","chn","在{language}中，如何优化多线程和并发性能？",,"whm","20230321_cmgpuabfkc"
"305","代码开发_none_工具与库推荐","0","chatGPT","chn","在{language}中，哪些库可以帮助我实现{functionality}功能？",,"whm","20230321_vlepfqiwwz"
"306","代码开发_none_工具与库推荐","0","chatGPT","chn","关于{language}的{library_or_framework}库/框架，有哪些优势和劣势？",,"whm","20230321_xpnseemxkt"
"307","代码开发_none_工具与库推荐","0","chatGPT","chn","在{language}项目中，如何选择合适的库或框架？",,"whm","20230321_oycgdqozju"
"308","代码开发_none_工具与库推荐","0","chatGPT","chn","哪些{language}库或框架适用于{application_type}应用程序？",,"whm","20230321_lcdgxohhnk"
"309","代码开发_none_工具与库推荐","0","chatGPT","chn","在{language}项目中，如何安装和配置{library_or_framework}库/框架？",,"whm","20230321_omlauxqjwn"
"310","代码开发_none_工具与库推荐","0","chatGPT","chn","关于{language}的{library_or_framework}库/框架，有哪些最佳实践？",,"whm","20230321_uqrsmpwdmc"
"311","代码开发_none_工具与库推荐","0","chatGPT","chn","如何在{language}项目中升级或替换{library_or_framework}库/框架？",,"whm","20230321_zniwhxlgns"
"312","代码开发_none_工具与库推荐","0","chatGPT","chn","使用{language}的{library_or_framework}库/框架时，应注意哪些事项？",,"whm","20230321_xoittrufvj"
"313","代码开发_none_设计模式实现","0","chatGPT","chn","如何在{language}中应用{design_pattern}设计模式？",,"whm","20230321_bvvlaxnyli"
"314","代码开发_none_设计模式实现","0","chatGPT","chn","在{language}中，{design_pattern}设计模式的最佳实践是什么？",,"whm","20230321_wunijtectt"
"315","代码开发_none_设计模式实现","0","chatGPT","chn","如何评估{language}项目中{design_pattern}设计模式的适用性？",,"whm","20230321_kwvyyixolb"
"316","代码开发_none_设计模式实现","0","chatGPT","chn","在{language}中，关于{design_pattern}设计模式的代码示例？",,"whm","20230321_lsnmhatoqk"
"317","代码开发_none_设计模式实现","0","chatGPT","chn","使用{language}实现{design_pattern}设计模式的关键步骤？",,"whm","20230321_opizxtdnvl"
"318","代码开发_none_设计模式实现","0","chatGPT","chn","如何在{language}项目中优化{design_pattern}设计模式的实现？",,"whm","20230321_rorcbdrlpa"
"319","代码开发_none_设计模式实现","0","chatGPT","chn","关于{language}的{design_pattern}设计模式，有哪些资源可以参考？",,"whm","20230321_ogkemsbxeu"
"320","代码开发_none_设计模式实现","0","chatGPT","chn","在{language}中实现{design_pattern}设计模式时，需要注意哪些事项？",,"whm","20230321_rhjtcbbaon"
"321","代码开发_none_软件架构咨询","0","chatGPT","chn","如何为{language}项目设计合适的软件架构？",,"whm","20230321_babzpenprj"
"322","代码开发_none_软件架构咨询","0","chatGPT","chn","在{language}项目中，哪些软件架构模式适用于{application_type}应用程序？",,"whm","20230321_qiayumiwgl"
"323","代码开发_none_软件架构咨询","0","chatGPT","chn","如何评估{language}项目中的软件架构需求？",,"whm","20230321_pxlcdugqav"
"324","代码开发_none_软件架构咨询","0","chatGPT","chn","关于{language}的{architecture_pattern}架构模式，有哪些优势和劣势？",,"whm","20230321_gtorwibrvk"
"325","代码开发_none_软件架构咨询","0","chatGPT","chn","在{language}项目中，如何优化现有的软件架构？",,"whm","20230321_ytcamcdcfs"
"326","代码开发_none_软件架构咨询","0","chatGPT","chn","关于{language}的{architecture_pattern}架构模式，有哪些最佳实践？",,"whm","20230321_bgfenuzaod"
"327","代码开发_none_软件架构咨询","0","chatGPT","chn","如何在{language}项目中实施软件架构设计流程？",,"whm","20230321_tjfqkrarng"
"328","代码开发_none_软件架构咨询","0","chatGPT","chn","在{language}项目中，如何确保软件架构的可维护性和可扩展性？",,"whm","20230321_kizuwxdsil"
"329","代码开发_none_代码审查建议","0","chatGPT","chn","在{language}项目中，如何进行有效的代码审查？",,"whm","20230321_xgfdoevxeu"
"330","代码开发_none_代码审查建议","0","chatGPT","chn","关于{language}代码审查，有哪些最佳实践？",,"whm","20230321_didcttvofd"
"331","代码开发_none_代码审查建议","0","chatGPT","chn","在{language}项目中，如何识别潜在的代码问题？",,"whm","20230321_cndhejacol"
"332","代码开发_none_代码审查建议","0","chatGPT","chn","如何在{language}项目中提高代码审查的效率？",,"whm","20230321_yhvusjsopw"
"333","代码开发_none_代码审查建议","0","chatGPT","chn","在{language}代码审查中，如何处理性能和安全问题？",,"whm","20230321_shudqvziev"
"334","代码开发_none_代码审查建议","0","chatGPT","chn","如何在{language}项目中提高代码审查的质量？",,"whm","20230321_kiubahwehc"
"335","代码开发_none_代码审查建议","0","chatGPT","chn","关于{language}的代码审查，有哪些工具可以使用？",,"whm","20230321_xnlykrtxvj"
"336","代码开发_none_代码审查建议","0","chatGPT","chn","在{language}项目中，如何优化代码审查流程？",,"whm","20230321_pjodlcgjhu"
"337","休闲娱乐_none_电影推荐","0","chatGPT","chn","我喜欢科幻电影，你能推荐一些好看的科幻电影吗？",,"whm","20230321_ayzqkkkqyy"
"338","休闲娱乐_none_电影推荐","0","chatGPT","chn","我想看一部浪漫喜剧电影，有什么推荐吗？",,"whm","20230321_efccdporoy"
"339","休闲娱乐_none_电影推荐","0","chatGPT","chn","我想重温一下经典老电影，能给我推荐一些吗？",,"whm","20230321_mehkihedwa"
"340","休闲娱乐_none_电影推荐","0","chatGPT","chn","最近有什么好看的惊悚电影吗？",,"whm","20230321_ayrbmlmpdh"
"341","休闲娱乐_none_电影推荐","0","chatGPT","chn","我喜欢奥斯卡获奖电影，你能推荐一些吗？",,"whm","20230321_erabrndhsm"
"342","休闲娱乐_none_电影推荐","0","chatGPT","chn","我喜欢宫崎骏的动画电影，还有类似的电影推荐吗？",,"whm","20230321_wdjajznmck"
"343","休闲娱乐_none_电影推荐","0","chatGPT","chn","请推荐一些改编自小说的电影。",,"whm","20230321_hzcupyzhyr"
"344","休闲娱乐_none_电影推荐","0","chatGPT","chn","我喜欢关于音乐的电影，有什么好看的吗？",,"whm","20230321_hbwvddjqoj"
"345","休闲娱乐_none_电影推荐","0","chatGPT","chn","最近有什么好看的中国大陆电影吗？",,"whm","20230321_ezumomukfv"
"346","休闲娱乐_none_电影推荐","0","chatGPT","chn","我喜欢关于成长的电影，能推荐一些吗？",,"whm","20230321_ogfktytkry"
"347","休闲娱乐_none_音乐推荐","0","chatGPT","chn","我喜欢摇滚乐，能给我推荐一些摇滚歌曲吗？",,"whm","20230321_doliacakhl"
"348","休闲娱乐_none_音乐推荐","0","chatGPT","chn","最近有什么好听的流行歌曲吗？",,"whm","20230321_zmblwohcrk"
"349","休闲娱乐_none_音乐推荐","0","chatGPT","chn","我想听一些经典的爵士乐，有什么推荐吗？",,"whm","20230321_eyxgidfqzl"
"350","休闲娱乐_none_音乐推荐","0","chatGPT","chn","我喜欢听轻音乐，能给我推荐一些歌曲吗？",,"whm","20230321_dbmcckcgco"
"351","休闲娱乐_none_音乐推荐","0","chatGPT","chn","我想听一些激励人心的歌曲，你有什么建议吗？",,"whm","20230321_xaohkdijdg"
"352","休闲娱乐_none_音乐推荐","0","chatGPT","chn","能给我推荐一些著名的古典音乐作品吗？",,"whm","20230321_cembhwaseh"
"353","休闲娱乐_none_音乐推荐","0","chatGPT","chn","我喜欢电子舞曲，有什么好听的推荐吗？",,"whm","20230321_omhfodxzva"
"354","休闲娱乐_none_音乐推荐","0","chatGPT","chn","请推荐一些适合瑜伽练习时听的音乐。",,"whm","20230321_daggzlcuaf"
"355","休闲娱乐_none_音乐推荐","0","chatGPT","chn","我喜欢中国民谣，能推荐一些好听的歌曲吗？",,"whm","20230321_eociixjskr"
"356","休闲娱乐_none_音乐推荐","0","chatGPT","chn","我想了解一些有关世界音乐的信息，可以推荐一些吗？",,"whm","20230321_trklnxexby"
"357","休闲娱乐_none_旅行建议","0","chatGPT","chn","我计划去日本旅行，有什么必去的景点推荐吗？",,"whm","20230321_vbcekwdnai"
"358","休闲娱乐_none_旅行建议","0","chatGPT","chn","我想去一个浪漫的度假胜地，有什么好的推荐？",,"whm","20230321_wgphjjknml"
"359","休闲娱乐_none_旅行建议","0","chatGPT","chn","我想在国内度假，有什么适合全家出游的目的地吗？",,"whm","20230321_jlguvuvuzc"
"360","休闲娱乐_none_旅行建议","0","chatGPT","chn","我喜欢徒步旅行，能推荐一些徒步路线吗？",,"whm","20230321_ndebslugrc"
"361","休闲娱乐_none_旅行建议","0","chatGPT","chn","我想去一个历史悠久的城市旅行，你有什么建议？",,"whm","20230321_hljryropks"
"362","休闲娱乐_none_旅行建议","0","chatGPT","chn","我计划去欧洲 backpacking，有什么建议吗？",,"whm","20230321_cgzexjyjgn"
"363","休闲娱乐_none_旅行建议","0","chatGPT","chn","我喜欢冬季滑雪度假，能推荐一些滑雪胜地吗？",,"whm","20230321_wjdlfzaxat"
"364","休闲娱乐_none_旅行建议","0","chatGPT","chn","我想去一个热带海滩度假，有什么好的推荐？",,"whm","20230321_pngoehvyqe"
"365","休闲娱乐_none_旅行建议","0","chatGPT","chn","我想了解一些关于环游世界的旅行经验和建议。",,"whm","20230321_otsblyxlnd"
"366","休闲娱乐_none_旅行建议","0","chatGPT","chn","我计划去美国旅行，有什么购物攻略推荐吗？",,"whm","20230321_moitxceffx"
"367","休闲娱乐_none_阅读推荐","0","chatGPT","chn","我喜欢科幻小说，能给我推荐一些好书吗？",,"whm","20230321_gqpywetlnk"
"368","休闲娱乐_none_阅读推荐","0","chatGPT","chn","我想阅读一些关于个人成长的书籍，有什么建议？",,"whm","20230321_najuzclgnp"
"369","休闲娱乐_none_阅读推荐","0","chatGPT","chn","请推荐一些经典的文学作品。",,"whm","20230321_yotfyquvvy"
"370","休闲娱乐_none_阅读推荐","0","chatGPT","chn","我想读一些轻松幽默的小说，有什么推荐吗？",,"whm","20230321_fbvhgxgqeq"
"371","休闲娱乐_none_阅读推荐","0","chatGPT","chn","我喜欢悬疑小说，能给我推荐一些好书吗？",,"whm","20230321_talmxcpudy"
"372","休闲娱乐_none_阅读推荐","0","chatGPT","chn","我想了解一些关于投资理财的书籍，有什么好的推荐？",,"whm","20230321_nrnxkgypje"
"373","休闲娱乐_none_阅读推荐","0","chatGPT","chn","我喜欢历史题材的书籍，能推荐一些吗？",,"whm","20230321_sdbkekkgbh"
"374","休闲娱乐_none_阅读推荐","0","chatGPT","chn","我想读一些关于艺术的书籍，有什么推荐吗？",,"whm","20230321_ipdnttbefd"
"375","休闲娱乐_none_阅读推荐","0","chatGPT","chn","我喜欢心理学书籍，能给我推荐一些吗？",,"whm","20230321_edydjidtsu"
"376","休闲娱乐_none_阅读推荐","0","chatGPT","chn","请推荐一些适合儿童阅读的书籍。",,"whm","20230321_heicrmdpwh"
"377","休闲娱乐_none_游戏推荐","0","chatGPT","chn","我喜欢动作冒险游戏，能给我推荐一些吗？",,"whm","20230321_obxbaikwiz"
"378","休闲娱乐_none_游戏推荐","0","chatGPT","chn","我想找一款好玩的解谜游戏，有什么建议？",,"whm","20230321_ahosnbpiqe"
"379","休闲娱乐_none_游戏推荐","0","chatGPT","chn","请推荐一些适合手机上玩的策略游戏。",,"whm","20230321_wzvmfseefz"
"380","休闲娱乐_none_游戏推荐","0","chatGPT","chn","我喜欢角色扮演游戏，能给我推荐一些好玩的吗？",,"whm","20230321_hryazadvcg"
"381","休闲娱乐_none_游戏推荐","0","chatGPT","chn","我想找一款适合全家一起玩的桌游，有什么推荐？",,"whm","20230321_kclppliorj"
"382","休闲娱乐_none_游戏推荐","0","chatGPT","chn","我喜欢竞技类电子游戏，能给我推荐一些吗？",,"whm","20230321_jkunreqspu"
"383","休闲娱乐_none_游戏推荐","0","chatGPT","chn","请推荐一些适合休闲时光的游戏。",,"whm","20230321_uvoxednwwu"
"384","休闲娱乐_none_游戏推荐","0","chatGPT","chn","我喜欢恐怖游戏，能推荐一些吗？",,"whm","20230321_tmpxynswua"
"385","休闲娱乐_none_游戏推荐","0","chatGPT","chn","我想找一款有趣的模拟经营游戏，有什么建议？",,"whm","20230321_arwtqudgch"
"386","休闲娱乐_none_游戏推荐","0","chatGPT","chn","我喜欢像素风格的游戏，能给我推荐一些吗？",,"whm","20230321_byrexruoqs"
"387","休闲娱乐_none_美食推荐","0","chatGPT","chn","我想尝试一下地道的川菜，有什么菜品推荐吗？",,"whm","20230321_xhztzhrxhq"
"388","休闲娱乐_none_美食推荐","0","chatGPT","chn","我想学做一道简单的意大利面，有什么食谱推荐？",,"whm","20230321_txchraqupz"
"389","休闲娱乐_none_美食推荐","0","chatGPT","chn","请推荐一些适合素食者的菜品。",,"whm","20230321_briiyulvll"
"390","休闲娱乐_none_美食推荐","0","chatGPT","chn","我想尝试一下日本料理，有什么必尝的菜品吗？",,"whm","20230321_wwcmndxtyl"
"391","休闲娱乐_none_美食推荐","0","chatGPT","chn","我喜欢甜点，能推荐一些经典的甜点食谱吗？",,"whm","20230321_sljjxovdzo"
"392","休闲娱乐_none_美食推荐","0","chatGPT","chn","请推荐一些适合早餐的健康食谱。",,"whm","20230321_nekuizaxrf"
"393","休闲娱乐_none_美食推荐","0","chatGPT","chn","我想学做一道地道的法国大餐，有什么建议？",,"whm","20230321_nfqbwvizoq"
"394","休闲娱乐_none_美食推荐","0","chatGPT","chn","我想尝试一下印度美食，有什么菜品推荐吗？",,"whm","20230321_byxsnxgtht"
"395","休闲娱乐_none_美食推荐","0","chatGPT","chn","请推荐一些适合聚会的美食。",,"whm","20230321_sjqhotaxmd"
"396","休闲娱乐_none_美食推荐","0","chatGPT","chn","我想学习制作寿司，有什么食谱和技巧推荐吗？",,"whm","20230321_oqxxjsvqmo"
"397","休闲娱乐_none_健身建议","0","chatGPT","chn","我想开始锻炼，有什么初级的锻炼计划推荐吗？",,"whm","20230321_ufudvfduak"
"398","休闲娱乐_none_健身建议","0","chatGPT","chn","我想学习瑜伽，能推荐一些瑜伽动作吗？",,"whm","20230321_uuuezpqqoq"
"399","休闲娱乐_none_健身建议","0","chatGPT","chn","请推荐一些适合办公室锻炼的简单动作。",,"whm","20230321_chusxkpoms"
"400","休闲娱乐_none_健身建议","0","chatGPT","chn","我想增肌，能给我推荐一套训练计划吗？",,"whm","20230321_alinfsqtiu"
"401","休闲娱乐_none_健身建议","0","chatGPT","chn","我想减肥，请推荐一些有氧运动。",,"whm","20230321_hgbbijrews"
"402","休闲娱乐_none_健身建议","0","chatGPT","chn","我想提高柔韧性，有什么建议？",,"whm","20230321_ypftmpwgkv"
"403","休闲娱乐_none_健身建议","0","chatGPT","chn","我想尝试跑步锻炼，能给我推荐一个跑步计划吗？",,"whm","20230321_ixfizrdavq"
"404","休闲娱乐_none_健身建议","0","chatGPT","chn","我想学习游泳，有什么技巧和建议吗？",,"whm","20230321_ztnhruvhfq"
"405","休闲娱乐_none_健身建议","0","chatGPT","chn","请推荐一些适合孕妇的锻炼方法。",,"whm","20230321_mdhnslaing"
"406","休闲娱乐_none_健身建议","0","chatGPT","chn","我想尝试高强度间歇训练（HIIT），有什么建议？",,"whm","20230321_wgrxnmyuvk"
"407","休闲娱乐_none_艺术与手工艺品","0","chatGPT","chn","我想学习绘画，有什么技巧和建议吗？",,"whm","20230321_dgkipcrjcg"
"408","休闲娱乐_none_艺术与手工艺品","0","chatGPT","chn","我想尝试摄影，请推荐一些入门技巧。",,"whm","20230321_nbsxnpnvrv"
"409","休闲娱乐_none_艺术与手工艺品","0","chatGPT","chn","我想制作一件陶瓷作品，有什么技巧和建议？",,"whm","20230321_jtqizpjnnf"
"410","休闲娱乐_none_艺术与手工艺品","0","chatGPT","chn","我想学习雕塑，请推荐一些入门材料和技巧。",,"whm","20230321_jromagwyqf"
"411","休闲娱乐_none_艺术与手工艺品","0","chatGPT","chn","请推荐一些简单的手工制作活动，适合家庭亲子共同完成。",,"whm","20230321_hcpcugftcq"
"412","休闲娱乐_none_艺术与手工艺品","0","chatGPT","chn","我想尝试书法，有什么技巧和建议？",,"whm","20230321_dproyojguc"
"413","休闲娱乐_none_艺术与手工艺品","0","chatGPT","chn","我想学习舞蹈，请推荐一些适合初学者的舞蹈。",,"whm","20230321_masgeaygbp"
"414","休闲娱乐_none_艺术与手工艺品","0","chatGPT","chn","我想学习吉他，请推荐一些入门教程。",,"whm","20230321_duzgzndjgg"
"415","休闲娱乐_none_艺术与手工艺品","0","chatGPT","chn","我想制作一幅拼贴画，有什么技巧和建议？",,"whm","20230321_ogthblqvge"
"416","休闲娱乐_none_艺术与手工艺品","0","chatGPT","chn","我想学习服装设计，请推荐一些入门技巧。",,"whm","20230321_sgvdhqinfp"
"417","休闲娱乐_none_社交活动与聚会","0","chatGPT","chn","我想组织一次主题派对，请给我一些建议。",,"whm","20230321_zjzgomanjg"
"418","休闲娱乐_none_社交活动与聚会","0","chatGPT","chn","我想参加一个读书俱乐部，请推荐一些活动和组织。",,"whm","20230321_tuuahghqru"
"419","休闲娱乐_none_社交活动与聚会","0","chatGPT","chn","我想参加一次户外探险活动，有什么建议吗？",,"whm","20230321_dvshlpllet"
"420","休闲娱乐_none_社交活动与聚会","0","chatGPT","chn","我想组织一个家庭聚会，请推荐一些有趣的游戏。",,"whm","20230321_riehsfueey"
"421","休闲娱乐_none_社交活动与聚会","0","chatGPT","chn","我想参加一个志愿者组织，能推荐一些吗？",,"whm","20230321_cxrgjmrwdg"
"422","休闲娱乐_none_社交活动与聚会","0","chatGPT","chn","我想组织一个音乐会，请给我一些建议。",,"whm","20230321_qqrdcfshuu"
"423","休闲娱乐_none_社交活动与聚会","0","chatGPT","chn","我想参加一个创业活动，请推荐一些活动和组织。",,"whm","20230321_ozoxeowgmd"
"424","休闲娱乐_none_社交活动与聚会","0","chatGPT","chn","我想组织一次慈善募捐活动，有什么建议吗？",,"whm","20230321_tdbagadddd"
"425","休闲娱乐_none_社交活动与聚会","0","chatGPT","chn","我想参加一个健身俱乐部，请推荐一些活动和组织。",,"whm","20230321_wjjapkhvwn"
"426","休闲娱乐_none_社交活动与聚会","0","chatGPT","chn","我想举办一场艺术展览，请给我一些建议。",,"whm","20230321_ubfdcfzycb"
"427","休闲娱乐_none_购物建议","0","chatGPT","chn","我想购买一台笔记本电脑，请给我一些建议。",,"whm","20230321_dcgiyajonq"
"428","休闲娱乐_none_购物建议","0","chatGPT","chn","我想购买一辆自行车，请推荐一些品牌和型号。",,"whm","20230321_jtbflewyvp"
"429","休闲娱乐_none_购物建议","0","chatGPT","chn","我想购买一款手机，请给我一些建议。",,"whm","20230321_fkuqiemgry"
"430","休闲娱乐_none_购物建议","0","chatGPT","chn","我想购买一台照相机，请推荐一些品牌和型号。",,"whm","20230321_fsqhpwmlhu"
"431","休闲娱乐_none_购物建议","0","chatGPT","chn","我想购买一套厨具，请给我一些建议。",,"whm","20230321_mirgkgpbil"
"432","休闲娱乐_none_购物建议","0","chatGPT","chn","我想购买一款电子阅读器，请推荐一些品牌和型号。",,"whm","20230321_dpfoizcxyk"
"433","休闲娱乐_none_购物建议","0","chatGPT","chn","我想购买一台洗衣机，请给我一些建议。",,"whm","20230321_gwlpjasloz"
"434","休闲娱乐_none_购物建议","0","chatGPT","chn","我想购买一套家具，请推荐一些品牌和款式。",,"whm","20230321_fgvrjeyqob"
"435","休闲娱乐_none_购物建议","0","chatGPT","chn","我想购买一辆汽车，请给我一些建议。",,"whm","20230321_drtpunpiuc"
"436","休闲娱乐_none_购物建议","0","chatGPT","chn","我想购买一款智能手表，请推荐一些品牌和型号。",,"whm","20230321_euswjmhnrs"
"437","礼物挑选_none_生日礼物","0","chatGPT","chn","我朋友的生日快到了，他喜欢户外运动和科技产品。能给我推荐一些适合他的生日礼物吗？",,"whm","20230321_kmzuzzqolu"
"438","礼物挑选_none_结婚纪念日礼物","0","chatGPT","chn","我和我的配偶即将庆祝结婚纪念日，想给他/她一个特别的惊喜。帮我想一些浪漫而有创意的礼物建议吧。",,"whm","20230321_murqlxbhkd"
"439","礼物挑选_none_新手父母礼物","0","chatGPT","chn","我的好朋友刚当了父母，我想送他们一份实用且贴心的礼物。能推荐一些适合新手父母的礼物吗？",,"whm","20230321_mryywncnoz"
"440","礼物挑选_none_圣诞节礼物","0","chatGPT","chn","圣诞节即将来临，我打算给我的家人买一些有趣和特别的礼物。能给我一些建议吗？我需要适合不同年龄段的礼物。",,"whm","20230321_tnedrlrrun"
"442","礼物挑选_none_感恩节礼物","0","chatGPT","chn","感恩节快到了，我想给朋友和家人一些有意义的礼物以表达感激之情。能提供一些建议吗？",,"whm","20230321_odhpynwhdq"
"443","礼物挑选_none_退休礼物","0","chatGPT","chn","我的同事即将退休，我想送他/她一份特别的礼物来纪念这个时刻。你能给我一些建议吗？",,"whm","20230321_mukoaamkzr"
"444","礼物挑选_none_新家礼物","0","chatGPT","chn","我的朋友刚搬进新家，我想送他们一份实用又有趣的礼物。能给我一些建议吗？",,"whm","20230321_eqtwdrikmo"
"445","礼物挑选_none_晋升礼物","0","chatGPT","chn","我朋友刚刚晋升，我想为他/她庆祝并送上一份恭喜礼物。你能给我推荐一些有意义的礼物吗？",,"whm","20230321_ndvhwdotqc"
"446","礼物挑选_none_母亲节礼物","0","chatGPT","chn","母亲节快到了，我想给妈妈一个特别的礼物来表达我对她的感激和爱意。能给我一些建议吗？",,"whm","20230321_ewrwyesqvy"
"447","礼物挑选_none_父亲节礼物","0","chatGPT","chn","父亲节即将来临，我想为爸爸准备一份有意义的礼物。你能提供一些礼物建议吗？",,"whm","20230321_nlygllpuzh"
"448","礼物挑选_none_新婚礼物","0","chatGPT","chn","我要参加一个朋友的婚礼，想送一份特别且实用的新婚礼物。能给我一些建议吗？",,"whm","20230321_cykfbbpvvy"
"449","礼物挑选_none_生日礼物","0","chatGPT","chn","朋友的生日要到了，她特别喜欢艺术和手工制品。能帮我想一些与艺术相关的礼物吗？",,"whm","20230321_ajgsdjxcpe"
"450","礼物挑选_none_生日礼物","0","chatGPT","chn","我的哥哥即将过生日，他是个健身爱好者。你能给我一些建议，关于送他什么样的礼物吗？",,"whm","20230321_kcfwuyxnjj"
"451","礼物挑选_none_结婚纪念日礼物","0","chatGPT","chn","我和我的配偶即将庆祝结婚纪念日，想给他/她一个特别的惊喜。帮我想一些浪漫而有创意的礼物建议吧。",,"whm","20230321_ngbaslhcym"
"452","礼物挑选_none_结婚纪念日礼物","0","chatGPT","chn","结婚纪念日快到了，我想为配偶准备一份特别的定制礼物。你能给我一些建议吗？",,"whm","20230321_gqxrcudijm"
"453","礼物挑选_none_结婚纪念日礼物","0","chatGPT","chn","我们的结婚纪念日将至，我想为爱人搞个惊喜。能推荐一些独特且富有创意的礼物么？
圣诞节礼物,圣诞节即将来临，我打算给我的家人买一些有趣和特别的礼物。能给我一些建议吗？我需要适合不同年龄段的礼物。""",,"whm","20230321_hyzkhzqkjm"
"454","礼物挑选_none_圣诞节礼物","0","chatGPT","chn","我想在圣诞节为朋友们准备一些特别的礼物，你能给我一些建议吗？他们都是年轻职场人士。",,"whm","20230321_oefnkezcqw"
"455","礼物挑选_none_圣诞节礼物","0","chatGPT","chn","圣诞节要到了，我想送给孩子们一些有教育意义的礼物。能提供一些建议吗？",,"whm","20230321_jikufnkbzm"
"456","礼物挑选_none_圣诞节礼物","0","chatGPT","chn","我想为这个圣诞节挑选一些环保又有意义的礼物，能给我一些建议吗？",,"whm","20230321_xbfdkeabab"
"457","礼物挑选_none_圣诞节礼物","0","chatGPT","chn","今年圣诞节，我想为老人们准备一些实用且贴心的礼物。你能给我一些建议吗？",,"whm","20230321_zestnxbrjz"
"458","礼物挑选_none_毕业礼物","0","chatGPT","chn","我弟弟即将大学毕业，我想送他一份特别的礼物来庆祝这个重要时刻。能根据他即将开始的职业生涯给我一些建议吗？",,"whm","20230321_obormbfijv"
"459","文案生成_none_创意写作","0","chatGPT","chn"," ""描述一个未来的科技乌托邦。""",,"whm","20230321_goafoxituo"
"460","文案生成_none_创意写作","0","chatGPT","chn"," ""写一封来自外星人的信。""",,"whm","20230321_tfxykxejqe"
"461","文案生成_none_创意写作","0","chatGPT","chn"," ""描述一场在古代罗马竞技场的战斗。""",,"whm","20230321_iwadruoqnt"
"462","文案生成_none_创意写作","0","chatGPT","chn"," ""创造一个拥有神奇能力的角色。""",,"whm","20230321_inlwwzazgy"
"463","文案生成_none_创意写作","0","chatGPT","chn"," ""讲述一场海底冒险的故事。""",,"whm","20230321_cceecxtrmj"
"464","文案生成_none_提供写作思路","0","chatGPT","chn"," ""你如何平衡工作和生活？""",,"whm","20230321_heqdvvapdo"
"465","文案生成_none_提供写作思路","0","chatGPT","chn"," ""请描述一次改变你人生观念的经历。""",,"whm","20230321_wpgrfqteco"
"466","文案生成_none_提供写作思路","0","chatGPT","chn"," ""谈谈你对社交媒体的看法。""",,"whm","20230321_hiavdhjaue"
"467","文案生成_none_提供写作思路","0","chatGPT","chn"," ""你最喜欢的旅行目的地是什么？为什么？""",,"whm","20230321_cptypddkky"
"468","文案生成_none_提供写作思路","0","chatGPT","chn"," ""请讨论环境保护的重要性。""",,"whm","20230321_olnideflfu"
"469","文案生成_none_学术写作","0","chatGPT","chn"," ""论述人工智能在医疗领域的应用。""",,"whm","20230321_nmjghwicfp"
"470","文案生成_none_学术写作","0","chatGPT","chn"," ""探讨全球变暖对地球生态系统的影响。""",,"whm","20230321_fxalkfbwij"
"471","文案生成_none_学术写作","0","chatGPT","chn"," ""分析经济全球化对发展中国家的利与弊。""",,"whm","20230321_lbdgsobojl"
"472","文案生成_none_学术写作","0","chatGPT","chn"," ""探索心理学在教育领域的应用。""",,"whm","20230321_hiydchgbqt"
"473","文案生成_none_学术写作","0","chatGPT","chn"," ""评估可再生能源在未来能源格局中的地位。""",,"whm","20230321_uczvvabivn"
"474","文案生成_none_商务写作","0","chatGPT","chn"," ""撰写一份关于市场分析的报告告。""",,"whm","20230321_ckklonrkop"
"475","文案生成_none_商务写作","0","chatGPT","chn"," ""创建一封邀请客户参加产品发布会的邮件。""",,"whm","20230321_nokawmkkpf"
"476","文案生成_none_商务写作","0","chatGPT","chn"," ""描述一项新的商业策略。""",,"whm","20230321_rjrvzjdamd"
"477","文案生成_none_商务写作","0","chatGPT","chn"," ""撰写一份销售报告。""",,"whm","20230321_wyitluogqt"
"478","文案生成_none_商务写作","0","chatGPT","chn"," ""给员工的一封激励信。""",,"whm","20230321_fgcsawqgty"
"479","文案生成_none_个人陈述","0","chatGPT","chn"," ""描述一个突显你领导力的经历。""",,"whm","20230321_tgprmuktis"
"480","文案生成_none_个人陈述","0","chatGPT","chn"," ""谈谈你选择这个专业的原因。""",,"whm","20230321_albiafqkso"
"481","文案生成_none_个人陈述","0","chatGPT","chn"," ""说明一个困难时期如何让你成长。""",,"whm","20230321_wjfpdkzuak"
"482","文案生成_none_个人陈述","0","chatGPT","chn"," ""讨论你的职业规划和目标。""",,"whm","20230321_eiiappudyt"
"483","文案生成_none_个人陈述","0","chatGPT","chn"," ""描述一次志愿者活动的经历。""",,"whm","20230321_fglfbczhxu"
"484","文案生成_none_自传体写作","0","chatGPT","chn"," ""描述你童年时代的一个美好回忆。""",,"whm","20230321_vnkczuyrgn"
"485","文案生成_none_自传体写作","0","chatGPT","chn"," ""回顾一段令人难忘的友谊。""",,"whm","20230321_ywkhbumvwf"
"486","文案生成_none_自传体写作","0","chatGPT","chn"," ""讲述你如何克服困难取得成功的经历。""",,"whm","20230321_jirjfdcgeq"
"487","文案生成_none_自传体写作","0","chatGPT","chn"," ""分享一个让你改变人生观的事件。""",,"whm","20230321_sslcfnwbum"
"488","文案生成_none_自传体写作","0","chatGPT","chn"," ""描述你与家人共度的一个特别时刻。""",,"whm","20230321_ktptfogqzs"
"489","文案生成_none_科普写作","0","chatGPT","chn"," ""简要介绍量子物理的基本概念。""",,"whm","20230321_mlnurwxpgn"
"490","文案生成_none_科普写作","0","chatGPT","chn"," ""描述克隆技术的工作原理及应用。""",,"whm","20230321_bywzuwftol"
"491","文案生成_none_科普写作","0","chatGPT","chn"," ""探讨人类对火星殖民的可能性。""",,"whm","20230321_tnygloudnc"
"492","文案生成_none_科普写作","0","chatGPT","chn"," ""讲解基因编辑技术的发展与影响。""",,"whm","20230321_bakvhcvidf"
"493","文案生成_none_科普写作","0","chatGPT","chn"," ""解释大数据和人工智能如何改变世界。""",,"whm","20230321_pvifjxdrao"
"494","文案生成_none_影评写作","0","chatGPT","chn"," ""分析一部电影中的主题及象征元素。""",,"whm","20230321_jyaxnvwznr"
"495","文案生成_none_影评写作","0","chatGPT","chn"," ""评价一部改编自小说的电影的忠实度。""",,"whm","20230321_uligwgndtv"
"496","文案生成_none_影评写作","0","chatGPT","chn"," ""探讨一部电影的导演风格及其对电影的影响。""",,"whm","20230321_haaecjtjvb"
"497","文案生成_none_影评写作","0","chatGPT","chn"," ""比较两部同题材的电影，分析各自的优缺点。""",,"whm","20230321_qmjrvriaab"
"498","文案生成_none_影评写作","0","chatGPT","chn"," ""讨论一部电影中的角色塑造与发展。""",,"whm","20230321_saphzptrnv"
"499","文案生成_none_教程写作","0","chatGPT","chn"," ""如何制作一道美味的意大利面？""",,"whm","20230321_lqbmzsyarh"
"500","文案生成_none_教程写作","0","chatGPT","chn"," ""教授一种实用的时间管理技巧。""",,"whm","20230321_gbyosddztr"
"501","文案生成_none_教程写作","0","chatGPT","chn"," ""讲解如何使用照片编辑软件进行基本修图。""",,"whm","20230321_nomxkoquah"
"502","文案生成_none_教程写作","0","chatGPT","chn"," ""介绍如何种植和照料一种室内植物。""",,"whm","20230321_umcbefiism"
"503","文案生成_none_教程写作","0","chatGPT","chn"," ""分享一种简单的瑜伽动作以缓解压力。""",,"whm","20230321_nmctfzlptg"
"504","文案生成_none_创意写作","0","chatGPT","chn"," ""作为一个年轻的发明家，描述你在未来的科技乌托邦里创造了一台改变世界的机器。""",,"whm","20230321_gshdzaiitr"
"505","文案生成_none_创意写作","0","chatGPT","chn"," ""设想你收到了一封来自遥远星球的外星人的信，信中详述了他们对地球的看法和建议。""",,"whm","20230321_nztyicqgbm"
"506","文案生成_none_创意写作","0","chatGPT","chn"," ""通过一名角斗士的视角，描述一场在古代罗马竞技场发生的激烈战斗及其背后的故事。""",,"whm","20230321_tykzautooc"
"507","文案生成_none_创意写作","0","chatGPT","chn"," ""创造一个拥有神奇能力的角色，并讲述他如何利用这些能力拯救世界。""",,"whm","20230321_xjntxcsoau"
"508","文案生成_none_创意写作","0","chatGPT","chn"," ""讲述一个勇敢的海底探险家，在神秘的海底世界中所经历的冒险和惊险刺激的遭遇。""",,"whm","20230321_sjucynuwln"
"509","文案生成_none_提供写作思路","0","chatGPT","chn"," ""请分享你是如何在忙碌的工作中平衡家庭和朋友关系，以及你所采取的方法和经验。""",,"whm","20230321_xqbgivozvu"
"510","文案生成_none_提供写作思路","0","chatGPT","chn"," ""请讲述一次影响深远的经历，这次经历改变了你的人生观念，使你对未来有了更明确的规划。""",,"whm","20230321_skeqdqifjs"
"511","文案生成_none_提供写作思路","0","chatGPT","chn"," ""请谈谈你对社交媒体的看法，它如何影响你的生活和心态，并分享你如何应对其中的负面影响。""",,"whm","20230321_ssuudkjrmp"
"512","文案生成_none_提供写作思路","0","chatGPT","chn"," ""请详细描述你最喜欢的旅行目的地及原因，以及那里的风土人情让你感受到的独特魅力。""",,"whm","20230321_ptfgzfevbm"
"513","文案生成_none_提供写作思路","0","chatGPT","chn"," ""请讨论环境保护的重要性，以及每个人如何通过日常生活的改变来保护地球家园。""",,"whm","20230321_yuisuohtzl"
"514","文案生成_none_学术写作","0","chatGPT","chn"," ""请论述人工智能在医疗领域的应用，以及它如何提高诊断准确性和医疗质量。""",,"whm","20230321_nxwtvvbmkk"
"515","文案生成_none_学术写作","0","chatGPT","chn"," ""请探讨全球变暖对地球生态系统的影响，分析它对动植物分布和生存环境所造成的改变。""",,"whm","20230321_ttsvlkegij"
"516","文案生成_none_学术写作","0","chatGPT","chn"," ""请分析经济全球化对发展中国家的利与弊，以及如何在全球化进程中取得更大的发展。""",,"whm","20230321_txkrolqxxp"
"517","文案生成_none_学术写作","0","chatGPT","chn"," ""请探索心理学在教育领域的应用，分析它如何帮助教育者更好地理解学生需求和行为。""",,"whm","20230321_uhbzdlpfgp"
"518","文案生成_none_学术写作","0","chatGPT","chn"," ""请评估可再生能源在未来能源格局中的地位，分析它们在减少温室气体排放和促进可持续发展方面的潜力。""",,"whm","20230321_ontmtmsviy"
"519","文案生成_none_商务写作","0","chatGPT","chn"," ""请撰写一份关于市场分析的报告，详细描述目标市场的潜在需求、竞争对手分析以及你的产品如何在市场上脱颖而出。""",,"whm","20230321_fhpdcoprvy"
"520","文案生成_none_商务写作","0","chatGPT","chn"," ""请创建一封邀请客户参加产品发布会的邮件，详细描述活动安排、为什么这次活动值得参加，以及如何进行注册。""",,"whm","20230321_lxrvrizkws"
"521","文案生成_none_商务写作","0","chatGPT","chn"," ""请描述一项新的商业策略，分析它如何帮助公司提高市场份额和客户满意度，并论述实施这一策略的必要性。""",,"whm","20230321_vkrezxhgmu"
"522","文案生成_none_商务写作","0","chatGPT","chn"," ""请撰写一份销售报告，详细分析销售业绩、市场趋势以及未来销售策略的建议。""",,"whm","20230321_plladbjbzt"
"523","文案生成_none_商务写作","0","chatGPT","chn"," ""请给员工写一封激励信，认可他们的努力和成果，并鼓励他们在未来的工作中继续创造卓越成绩。""",,"whm","20230321_ammgxkgdrz"
"524","文案生成_none_科普写作","0","chatGPT","chn"," ""请简要介绍量子物理的基本概念，并用一个生活中的例子来说明量子力学是如何影响我们的世界的。""",,"whm","20230321_zkmhkjyiqi"
"525","文案生成_none_科普写作","0","chatGPT","chn"," ""请描述克隆技术的工作原理及应用，包括它在生物学、医学和农业等领域的潜在价值。""",,"whm","20230321_yemayfhada"
"526","文案生成_none_科普写作","0","chatGPT","chn"," ""请探讨人类对火星殖民的可能性，分析火星环境和资源条件，并讨论人类如何解决生存和发展的挑战。""",,"whm","20230321_ehxnlvcuas"
"527","文案生成_none_科普写作","0","chatGPT","chn"," ""请讲解基因编辑技术的发展与影响，包括它在遗传病治疗、农业生产和生物多样性保护方面的应用。""",,"whm","20230321_mjdtilsxkt"
"528","文案生成_none_科普写作","0","chatGPT","chn"," ""请解释大数据和人工智能如何改变世界，分析它们在诸如医疗、交通和金融等领域的具体应用。""",,"whm","20230321_zeokuglynr"
"529","文案生成_none_影评写作","0","chatGPT","chn"," ""请分析一部电影中的主题及象征元素，以及这些元素如何为电影增色，并让观众产生共鸣。""",,"whm","20230321_bzsnhhyshd"
"530","文案生成_none_影评写作","0","chatGPT","chn"," ""请评价一部改编自小说的电影的忠实度，分析电影与原著之间的异同，以及导演是如何呈现原著的。""",,"whm","20230321_worgqqioxa"
"531","语言学习_none_对话练习","0","chatGPT","chn"," ""请告诉我你今天的日程安排。""",,"whm","20230321_unhfvqmchk"
"532","语言学习_none_对话练习","0","chatGPT","chn"," ""你最喜欢的一本书是什么？为什么？""",,"whm","20230321_cklcboxeig"
"533","语言学习_none_对话练习","0","chatGPT","chn"," ""你能告诉我如何做一顿美味的意大利面吗？""",,"whm","20230321_kvzztgbenh"
"534","语言学习_none_对话练习","0","chatGPT","chn"," ""请描述一下你理想中的度假胜地。""",,"whm","20230321_lmouftkqbh"
"535","语言学习_none_对话练习","0","chatGPT","chn"," ""如果我想学习摄影，你能给我一些建议吗？""",,"whm","20230321_ylhrnwowhw"
"536","语言学习_none_语法练习","0","chatGPT","chn"," ""请解释一下现在进行时和现在完成时的区别。""",,"whm","20230321_vylgkthigb"
"537","语言学习_none_语法练习","0","chatGPT","chn"," ""请告诉我动词 ""sing"" 的过去式和过去分词形式。""",,"whm","20230321_fjxgaowuqb"
"538","语言学习_none_语法练习","0","chatGPT","chn"," ""介绍一下如何使用虚拟语气表达建议。""",,"whm","20230321_qakqxcjgab"
"539","语言学习_none_语法练习","0","chatGPT","chn"," ""请帮我纠正这个句子的语法错误：“If she will come to the party I will prepare a gift for her。”""",,"whm","20230321_qsepqlkbeh"
"540","语言学习_none_语法练习","0","chatGPT","chn"," ""请解释一下什么是被动语态，以及如何构成。""",,"whm","20230321_xtsvdnabmi"
"541","语言学习_none_翻译练习","0","chatGPT","chn"," ""请把这句话翻译成英语：“春节是中国最重要的传统节日。”""",,"whm","20230321_oxbksjvrqj"
"542","语言学习_none_翻译练习","0","chatGPT","chn"," ""请把这首诗翻译成法语：“夜泊牛渚怀古”""",,"whm","20230321_nlbgibjiqa"
"543","语言学习_none_翻译练习","0","chatGPT","chn"," ""请把这句话翻译成德语：“我昨天去了图书馆借了一本书。”""",,"whm","20230321_smvvclbddx"
"544","语言学习_none_翻译练习","0","chatGPT","chn"," ""请把这段对话翻译成西班牙语：“A: 你去过巴黎吗？ B: 没有，但我很想去。”""",,"whm","20230321_mivhwhynhd"
"545","语言学习_none_翻译练习","0","chatGPT","chn"," ""请把这句话翻译成日语：“今天天气真好，我们去公园散步吧。”""",,"whm","20230321_modtvaepcb"
"546","语言学习_none_写作指导","0","chatGPT","chn"," ""我正在写一篇关于环保的文章，请提供一个吸引人的开头句子。""",,"whm","20230321_junxoxjtqu"
"547","语言学习_none_写作指导","0","chatGPT","chn"," ""请帮我修改这个句子，使其更地道：“我非常喜欢吃意大利菜，因为它味道非常好。”""",,"whm","20230321_sbvxxsqtzo"
"548","语言学习_none_写作指导","0","chatGPT","chn"," ""我需要一个关于友谊的故事主题，可以给我一些建议吗？""",,"whm","20230321_wmlnixtqxa"
"549","语言学习_none_写作指导","0","chatGPT","chn"," ""我正在写一封申请信，你能给我提供一个结尾段落的例子吗？""",,"whm","20230321_cowpqenciy"
"550","语言学习_none_写作指导","0","chatGPT","chn"," ""请帮我解决这个句子的逻辑问题：“尽管她很害怕，但她还是勇敢地走了过去，因为她是个胆小鬼。”""",,"whm","20230321_ntaqedqpaw"
"551","语言学习_none_单词记忆","0","chatGPT","chn"," ""请提供一些与旅游相关的英语词汇和短语。""",,"whm","20230321_fmcqxgbzxj"
"552","语言学习_none_单词记忆","0","chatGPT","chn"," ""我想扩大我的法语动物词汇，请给我一些常见动物的法语单词。""",,"whm","20230321_cxoytyexfp"
"553","语言学习_none_单词记忆","0","chatGPT","chn"," ""请告诉我一些与美食相关的西班牙语词汇。""",,"whm","20230321_cgglfxnuoi"
"554","语言学习_none_单词记忆","0","chatGPT","chn"," ""我想学习一些与艺术相关的日语词汇，你能提供一些建议吗？""",,"whm","20230321_sozxklqpof"
"555","语言学习_none_单词记忆","0","chatGPT","chn"," ""请教我一些描述天气的德语单词和短语。""",,"whm","20230321_ezrsqbdfcz"
"556","语言学习_none_阅读理解 ","0","chatGPT","chn"," ""请根据这段文字回答问题：“昨天，一场突如其来的暴雨给城市带来了严重的洪水。许多房屋被淹，道路受到严重破坏。政府正在努力恢复秩序。”暴雨对城市造成了哪些影响？""",,"whm","20230321_evzsjjkixc"
"557","语言学习_none_阅读理解 ","0","chatGPT","chn"," ""根据这首诗回答问题：“春风桃李花开日，秋雨梧桐叶落时。寒来暑往，秋去春来，四季更替。”这首诗描述了什么？""",,"whm","20230321_lnflzullrr"
"558","语言学习_none_阅读理解 ","0","chatGPT","chn"," ""请回答关于这段文字的问题：“汤姆和杰瑞是一对好朋友。他们一起度过了许多美好的时光。然而，有一天，他们为了一件小事发生了争执，导致他们的友谊破裂。”汤姆和杰瑞之间发生了什么问题？""",,"whm","20230321_tzyyqfoygr"
"559","语言学习_none_阅读理解 ","0","chatGPT","chn"," ""根据这段文字回答问题：“亚马逊雨林是地球上最大的热带雨林，占地约640万平方公里。它是全球生物多样性的宝库，拥有世界上约一半的物种。”亚马逊雨林的面积是多少？""",,"whm","20230321_zrllsnzise"
"560","语言学习_none_阅读理解 ","0","chatGPT","chn"," ""请根据这段文字回答问题：“埃菲尔铁塔是巴黎的标志性建筑，建于1889年。它是世界上最著名的观光胜地之一，每年吸引着数百万游客。”埃菲尔铁塔是在哪一年建造的？""",,"whm","20230321_qidqlzjfux"
"561","语言学习_none_角色扮演 ","0","chatGPT","chn"," ""请扮演一个酒店前台接待员，帮我办理入住手续。""",,"whm","20230321_jfnmmxtvlu"
"562","语言学习_none_角色扮演 ","0","chatGPT","chn"," ""假装你是一个导游，向我介绍一下这座城市的历史和文化背景。""",,"whm","20230321_zegezjfdos"
"563","语言学习_none_角色扮演 ","0","chatGPT","chn"," ""我们来进行一角色扮演，我们来进行一场商务谈判的模拟，你作为供应商，我作为采购商，我们讨论一下产品价格和交货日期。""",,"whm","20230321_hbfexmqynw"
"564","语言学习_none_角色扮演 ","0","chatGPT","chn"," ""假设我是一位外国游客，想在当地品尝一些特色美食，请向我推荐一些菜肴。""",,"whm","20230321_bojaiilnog"
"565","语言学习_none_角色扮演 ","0","chatGPT","chn"," ""请扮演一位医生，告诉我关于预防流感的一些建议。""",,"whm","20230321_mpeggshbza"
"566","语言学习_none_文化了解 ","0","chatGPT","chn"," ""请告诉我关于中国春节的起源和习俗。""",,"whm","20230321_tqtjhcxuta"
"567","语言学习_none_文化了解 ","0","chatGPT","chn"," ""请介绍一下法国的餐饮文化，如餐前餐后的习惯等。""",,"whm","20230321_ixndazoybn"
"568","语言学习_none_文化了解 ","0","chatGPT","chn"," ""请介绍一下日本的茶道，它在日本文化中的地位是什么？""",,"whm","20230321_fhfhnqrqvz"
"569","语言学习_none_文化了解 ","0","chatGPT","chn"," ""请告诉我关于印度排灯节的历史和意义。""",,"whm","20230321_xexrlcciba"
"570","语言学习_none_文化了解 ","0","chatGPT","chn"," ""请解释一下西班牙的斗牛文化，为什么它在西班牙如此重要？""",,"whm","20230321_jpysbqgmsj"
"571","教师教学_none_课程规划","0","chatGPT","chn"," 如何为高二数学课程设计一个全年的教学大纲？",,"whm","20230321_dlnbycgrvq"
"572","教师教学_none_课程规划","0","chatGPT","chn"," 我想要设计一门针对初中生的编程课程，如何制定一个有效的课程计划？",,"whm","20230321_dkyrmmvilt"
"573","教师教学_none_课程规划","0","chatGPT","chn"," 如何为五年级的英语课程准备有趣且具有挑战性的课堂活动？",,"whm","20230321_liwavfzoed"
"574","教师教学_none_课程规划","0","chatGPT","chn"," 为了提高学生的阅读能力，我应该如何规划语文课程的阅读材料？",,"whm","20230321_opuzacitkl"
"575","教师教学_none_课程规划","0","chatGPT","chn"," 我想要教授一门关于环保主题的科学课程，你能提供一个教学计划吗？",,"whm","20230321_zhycctdsqr"
"576","教师教学_none_制定考试与测验","0","chatGPT","chn"," 请帮我设计5道初中化学的选择题以测试学生的基本知识。",,"whm","20230321_pyinwwcwzz"
"577","教师教学_none_制定考试与测验","0","chatGPT","chn"," 我需要一些关于古文阅读理解的考题，可以帮我准备吗？",,"whm","20230321_rocdtkkoce"
"578","教师教学_none_制定考试与测验","0","chatGPT","chn"," 如何创建一个适用于五年级数学课程的期中考试试卷？",,"whm","20230321_tuvxjfwrsz"
"579","教师教学_none_制定考试与测验","0","chatGPT","chn"," 请提供几个针对高中物理实验的测验问题。",,"whm","20230321_rntseojjfs"
"580","教师教学_none_制定考试与测验","0","chatGPT","chn"," 我想要设计一份初中英语口语测评表，请给我一些建议。",,"whm","20230321_bmadvtrfgd"
"581","教师教学_none_个性化教学","0","chatGPT","chn"," 有些学生在数学方面表现较弱，如何为他们提供个性化的辅导方案？",,"whm","20230321_izsofxmmzw"
"582","教师教学_none_个性化教学","0","chatGPT","chn"," 我的一个学生在英语写作方面有困难，如何帮助他提高写作技巧？",,"whm","20230321_irxbrjjoch"
"583","教师教学_none_个性化教学","0","chatGPT","chn"," 针对具有不同学习风格的学生，我应该如何调整我的教学方法？",,"whm","20230321_iaeclmahmy"
"584","教师教学_none_个性化教学","0","chatGPT","chn"," 我的一个学生对历史课程不感兴趣，如何激发他的学习热情？",,"whm","20230321_ipasnhxbnn"
"585","教师教学_none_个性化教学","0","chatGPT","chn"," 如果一个学生在阅读理解方面遇到困难，我应该如何帮助他提高？",,"whm","20230321_aywqcdyhqa"
"586","教师教学_none_教学方法更新","0","chatGPT","chn"," 我想要了解一些最新的教育技术，可以向我介绍一些吗？",,"whm","20230321_tqrztkuceb"
"587","教师教学_none_教学方法更新","0","chatGPT","chn"," 为了提高学生的参与度，我应该如何运用游戏化教学方法？",,"whm","20230321_zmtiknkhug"
"588","教师教学_none_教学方法更新","0","chatGPT","chn"," 我想要尝试在线教学，你能提供一些有效的在线教学策略吗？",,"whm","20230321_eswolqzmdq"
"589","教师教学_none_教学方法更新","0","chatGPT","chn"," 为了增加课堂互动，我应该如何运用协作式学习方法？",,"whm","20230321_bjwbgxytiq"
"590","教师教学_none_教学方法更新","0","chatGPT","chn"," 我想要引入项目制学习（PBL）方法到我的课堂，请给我一些建议。",,"whm","20230321_ptmpxnbakf"
"591","学业辅导_none_作业辅导","0","chatGPT","chn"," ""我不明白如何解这道数学题，请帮我解释一下：已知直角三角形ABC，其中∠C = 90°，AB = 10，BC = 6，请求AC的长度。""",,"whm","20230321_iaumabzghn"
"592","学业辅导_none_作业辅导","0","chatGPT","chn"," ""我在学习化学方程式平衡，但我有点困惑，能帮我平衡这个方程式吗？C2H6 + O2 → CO2 + H2O""",,"whm","20230321_sdxskicjme"
"593","学业辅导_none_作业辅导","0","chatGPT","chn"," ""我不理解这个历史问题：请解释一下拿破仑在欧洲历史中的影响。""",,"whm","20230321_xdysoxpbro"
"594","学业辅导_none_作业辅导","0","chatGPT","chn"," ""关于地球的地壳、地幔和地核，能简要介绍一下它们的主要特征吗？""",,"whm","20230321_wocbjbsorq"
"595","学业辅导_none_作业辅导","0","chatGPT","chn"," ""请解释一下诗歌《静夜思》的主题和作者在诗中传达的情感。""",,"whm","20230321_xqyyojuszi"
"596","学业辅导_none_作文辅导","0","chatGPT","chn"," ""我需要为学校写一篇关于环保的议论文，能帮我列举一些论据和论点吗？""",,"whm","20230321_ncuxjhalbx"
"597","学业辅导_none_作文辅导","0","chatGPT","chn"," ""我正在写一篇关于我最喜欢的假期旅行的叙事文，能给我一些建议如何让故事更有趣吗？""",,"whm","20230321_hnoslyixni"
"598","学业辅导_none_作文辅导","0","chatGPT","chn"," ""我在写一篇关于人工智能的影响的文章，你能帮我检查一下我的论文提纲吗？""",,"whm","20230321_lrcygkgscj"
"599","学业辅导_none_作文辅导","0","chatGPT","chn"," ""我想写一篇描述我最喜欢的老师的文章，能给我一些建议如何开始吗？""",,"whm","20230321_xsevzwiuka"
"600","学业辅导_none_作文辅导","0","chatGPT","chn"," ""我在修改一篇关于青少年压力的文章，能帮我检查一下语法和提供改进建议吗？""",,"whm","20230321_fhnpoarbzf"
"601","学业辅导_none_语言学习","0","chatGPT","chn"," ""我在学习英语，能告诉我什么是现在完成时态，并给我一些例子吗？""",,"whm","20230321_avhsrqirgp"
"602","学业辅导_none_语言学习","0","chatGPT","chn"," ""我在学习法语，能教我如何用法语说'我喜欢吃披萨'吗？""",,"whm","20230321_pdrjqbwgti"
"603","学业辅导_none_语言学习","0","chatGPT","chn"," ""我想提高我的英语口语，能给我提供一些日常对话练习吗？""",,"whm","20230321_nhmuofyven"
"604","学业辅导_none_语言学习","0","chatGPT","chn"," ""我在学习西班牙语，能告诉我一些常见的动词不规则变化规则吗？""",,"whm","20230321_wsmuyqjazu"
"605","学业辅导_none_语言学习","0","chatGPT","chn"," ""我在准备英语四级考试，能帮我解释一下词汇“sustain”的意思以及如何使用吗？""",,"whm","20230321_fupnsdmbrj"
"606","学业辅导_none_演讲和口头报告","0","chatGPT","chn"," ""我需要为学校演讲比赛准备一个关于网络安全的演讲稿，能帮我组织一下演讲结构吗？""",,"whm","20230321_jkfqopsuqu"
"607","学业辅导_none_演讲和口头报告","0","chatGPT","chn"," ""我要在班级汇报关于环保的课题，能给我一些有趣的开场白和引入话题的建议吗？""",,"whm","20230321_spqcdybbaz"
"608","学业辅导_none_演讲和口头报告","0","chatGPT","chn"," ""我需要为一个关于心理健康的演讲做准备，能提供一些建议如何让演讲更有说服力吗？""",,"whm","20230321_dfynuubbja"
"609","学业辅导_none_演讲和口头报告","0","chatGPT","chn"," ""我正在准备一个关于科技发展的口头报告，能帮助我列举一些关键点和论据吗？""",,"whm","20230321_kcgufbgbpv"
"610","学业辅导_none_演讲和口头报告","0","chatGPT","chn"," ""我要在学校演讲比赛中发表关于勇敢追求梦想的演讲，能给我一些建议如何让结尾更感人吗？""",,"whm","20230321_oaxzsjfxmf"
"611","学业辅导_none_实验报告和科学研究","0","chatGPT","chn"," ""我在写一个关于光合作用的实验报告，能帮助我整理一下实验步骤和主要发现吗？""",,"whm","20230321_easghluuoy"
"612","学业辅导_none_实验报告和科学研究","0","chatGPT","chn"," ""我在做一个关于化学反应速率的研究，能给我一些建议如何设计实验方案吗？""",,"whm","20230321_myuuaoncaj"
"613","学业辅导_none_实验报告和科学研究","0","chatGPT","chn"," ""我正在分析一个关于地震波的数据集，能帮助我解释一下怎么用震级计算地震能量吗？""",,"whm","20230321_gnqvmwszig"
"614","学业辅导_none_实验报告和科学研究","0","chatGPT","chn"," ""我在写一篇关于气候变化的科学论文，能给我一些建议如何组织背景介绍和文献综述部分吗？""",,"whm","20230321_pewzukynis"
"615","学业辅导_none_实验报告和科学研究","0","chatGPT","chn"," ""我在进行一个关于遗传学的研究，能告诉我如何计算遗传连锁和杂交实验中的比率吗？""",,"whm","20230321_vxzesopbyx"
"616","学业辅导_none_职业探索","0","chatGPT","chn"," ""我想了解一下计算机科学领域的职业发展路径，能告诉我一些常见的职位和所需技能吗？""",,"whm","20230321_vkafjeysmg"
"617","学业辅导_none_职业探索","0","chatGPT","chn"," ""我高中毕业后想学习生物医学工程，能告诉我一下这个专业的前景和可能的职业选择吗？""",,"whm","20230321_uxqfghyxog"
"618","学业辅导_none_职业探索","0","chatGPT","chn"," ""我对心理学感兴趣，能介绍一下在这个领域的不同工作岗位以及相关学位要求吗？""",,"whm","20230321_xbbfglbwso"
"619","学业辅导_none_职业探索","0","chatGPT","chn"," ""我想了解一下建筑设计行业，能告诉我如何成为一名建筑师以及这个职业的优缺点吗？""",,"whm","20230321_ubnvozhvzf"
"620","学业辅导_none_职业探索","0","chatGPT","chn"," ""我对广告和市场营销感兴趣，能给我一些建议如何选择专业么?""",,"whm","20230321_rcrgvuqfww"
