id,function,act
"0","code_generation","Linux Terminal"
"1","translation_practice","English Translator and Improver"
"2","role-playing","position Interviewer"
"3","code_generation","JavaScript Console"
"4","other","Excel Sheet"
"5","pronunciation_helper","English Pronunciation Helper"
"6","conversation_practice","Spoken English Teacher and Improver"
"7","travel_advice","Travel Guide"
"8","other","Plagiarism Checker"
"9","role-playing","Character from Movie/Book/Anything"
"10","other","Advertiser"
"11","creative_writing","Storyteller"
"12","other","Football Commentator"
"13","other","Stand-up Comedian"
"14","motivational_coach","Motivational Coach"
"15","other","Composer"
"16","other","Debater"
"17","other","Debate Coach"
"18","creative_writing","Screenwriter"
"19","creative_writing","Novelist"
"20","film_review_writing","Movie Critic"
"21","personalized_teaching","Relationship Coach"
"22","creative_writing","Poet"
"23","creative_writing","Rapper"
"24","motivational_speaker","Motivational Speaker"
"25","personalized_teaching","Philosophy Teacher"
"26","philosophy_teacher","Philosopher"
"27","homework_tutoring","Math Teacher"
"28","composition_tutoring","AI Writing Tutor"
"29","software_architecture_consultation","UX/UI Developer"
"30","problem_diagnosis_and_resolution","Cyber Security Specialist"
"31","resume_drafting","Recruiter"
"32","personal_statement","Life Coach"
"33","language_learning","Etymologist"
"34","article_summarization","Commentariat"
"35","other","Magician"
"36","career_exploration","Career Counselor"
"37","other","Pet Behaviorist"
"38","fitness_advice","Personal Trainer"
"39","other","Mental Health Adviser"
"40","other","Real Estate Agent"
"41","project_management","Logistician"
"42","other","Dentist"
"43","web_design_consultation","Web Design Consultant"
"44","problem_diagnosis_and_resolution","AI Assisted Doctor"
"45","fitness_advice","Doctor"
"46","budgeting_and_financial_analysis","Accountant"
"47","food_recommendations","Chef"
"48","other","Automobile Mechanic"
"49","art_and_handicrafts","Artist Advisor"
"50","forecasting_and_modeling","Financial Analyst"
"51","investment_management","Investment Manager"
"52","other","Tea-Taster"
"53","interior_decoration","Interior Decorator"
"54","other","Florist"
"55","personal_development","Self-Help Book"
"56","social_activities_and_gatherings","Gnomist"
"57","inspirational_quotes","Aphorism Book"
"58","other","Text Based Adventure Game"
"59","other","AI Trying to Escape the Box"
"60","creative_writing","Fancy Title Generator"
"61","data_analysis","Statistician"
"62","code_review_suggestions","Prompt Generator"
"63","personalized_teaching","Instructor in a School"
"64","code_generation","SQL terminal"
"65","fitness_advice","Dietitian"
"66","other","Psychologist"
"67","other","Smart Domain Name Generator"
"68","film_review_writing","Tech Reviewer:"
"69","software_architecture_consultation","Developer Relations consultant"
"70","academic_writing","Academician"
"71","software_architecture_consultation","IT Architect"
"72","other","Lunatic"
"73","other","Gaslighter"
"74","other","Fallacy Finder"
"75","help_with_paper_polishing","Journal Reviewer"
"76","art_and_handicrafts","DIY Expert"
"77","other","Social Media Influencer"
"78","other","Socrat"
"79","other","Socratic Method"
"80","curriculum_planning","Educational Content Creator"
"81","fitness_advice","Yogi"
"82","academic_writing","Essay Writer"
"83","social_activities_and_gatherings","Social Media Manager"
"84","speech_and_oral_report","Elocutionist"
"85","data_visualization","Scientific Data Visualizer"
"86","other","Car Navigation System"
"87","other","Hypnotherapist"
"88","knowledge_base_and_resource_organization","Historian"
"89","other","Astrologer"
"90","film_review_writing","Film Critic"
"91","other","Classical Music Composer"
"92","report_writing","Journalist"
"93","other","Digital Art Gallery Guide"
"94","personalized_teaching","Public Speaking Coach"
"95","other","Makeup Artist"
"96","other","Babysitter"
"97","technical_document_writing","Tech Writer"
"98","other","Ascii Artist"
"99","other","Python interpreter"
"100","vocabulary_memorization","Synonym finder"
"101","shopping_advice","Personal Shopper"
"102","food_recommendations","Food Critic"
"103","fitness_advice","Virtual Doctor"
"104","food_recommendations","Personal Chef"
"105","legal_advice","Legal Advisor"
"106","shopping_advice","Personal Stylist"
"107","machine_learning_advice","Machine Learning Engineer"
"108","language_learning","Biblical Translator"
"109","graphic_design","SVG designer"
"110","it_support","IT Expert"
"111","game_recommendations","Chess Player"
"112","creative_writing","Midjourney Prompt Generator"
"113","software_development","Fullstack Software Developer"
"114","math_problem_solving","Mathematician"
"115","regex_creation","Regex Generator"
"116","travel_advice","Time Travel Guide"
"117","dream_interpretation","Dream Interpreter"
"118","career_advice","Talent Coach"
"119","programming_help","R programming Interpreter"
"120","programming_help","StackOverflow Post"
"121","emoji_or_letter_composition","Emoji Translator"
"122","code_generation","PHP Interpreter"
"123","problem_diagnosis_and_resolution","Emergency Response Professional"
"124","language_learning","Fill in the Blank Worksheets Generator"
"125","software_architecture_consultation","Software Quality Assurance Tester"
"126","game_recommendations","Tic-Tac-Toe Game"
"127","password_management","Password Generator"
"128","language_learning","New Language Creator"
"129","tool_and_library_recommendations","Web Browser"
"130","code_generation","Senior Frontend Developer"
"131","tool_and_library_recommendations","Solr Search Engine"
"132","business_writing","Startup Idea Generator"
"133","role-playing","Spongebob's Magic Conch Shell"
"134","language_learning","Language Detector"
"135","sales_and_marketing","Salesperson"
"136","code_optimization_suggestions","Commit Message Generator"
"137","career_exploration","Chief Executive Officer"
"138","charts_and_graphics","Diagram Generator"
"139","personalized_teaching","Life Coach"
"140","language_learning","Speech-Language Pathologist (SLP)"
"141","contract_writing","Startup Tech Lawyer"
"142","creative_writing","Title Generator for written pieces"
"143","product_management","Product Manager"
"144","role-playing","Drunk Person"
"145","history_of_mathematics","Mathematical History Teacher"
"146","music_recommendations","Song Recommender"
"147","resume_drafting","Cover Letter"
"148","technical_document_writing","Technology Transferer"
"149","role-playing","Unconstrained AI model DAN"
"150","game_recommendations","Gomoku player"
"151","proofreading","Proofreader"
"152","spiritual_guidance","Buddha"
"153","spiritual_guidance","Muslim imam"
"154","chemistry_simulation","Chemical reactor"
"155","emotional_support","Friend"
"156","coding_support","Python Interpreter"
"157","creative_writing","ChatGPT prompt generator"
"158","knowledge_base_and_resource_organization","Wikipedia page"
"159","language_learning","Japanese Kanji quiz machine"


